issue,date,1,2,3,4,5,6,7,8,9,10,11,12,13,14,15,16,17,18,19,20,21,22,23,24,25,26,27,28,29,30,31,32,33,34,35,36,37
第688回,2026-07-31,0.0,0.0,0.0,1.0,0.0,0.0,0.0,0.0,0.0,0.0,0.0,0.0,0.0,0.0,0.0,0.0,0.0,0.0,0.0,0.0,1.0,0.0,0.0,0.0,1.0,0.0,0.0,1.0,0.0,1.0,0.0,0.0,0.0,0.0,1.0,0.0,1.0
第687回,2026-07-24,0.0,0.0,0.0,0.5,0.0,0.0,0.0,0.0,0.0,0.0,0.0,0.0,0.0,0.0,0.5,0.0,0.0,0.0,0.0,0.0,0.5,0.5,0.5,0.5,1.0,0.0,0.0,0.5,0.5,0.5,0.0,0.0,0.0,0.0,0.5,0.5,0.5
第686回,2026-07-17,0.333333,0.0,0.333333,0.333333,0.0,0.0,0.0,0.0,0.0,0.0,0.0,0.0,0.0,0.0,0.333333,0.333333,0.0,0.333333,0.0,0.0,0.333333,0.333333,0.333333,0.333333,0.666667,0.0,0.0,0.333333,0.333333,0.333333,0.0,0.333333,0.0,0.333333,0.666667,0.333333,0.333333
第685回,2026-07-10,0.5,0.0,0.25,0.25,0.25,0.0,0.0,0.0,0.0,0.0,0.0,0.0,0.0,0.0,0.25,0.5,0.0,0.25,0.0,0.25,0.5,0.5,0.25,0.25,0.5,0.0,0.0,0.25,0.25,0.25,0.25,0.25,0.0,0.25,0.5,0.25,0.25
第684回,2026-07-03,0.4,0.0,0.2,0.2,0.2,0.0,0.0,0.2,0.0,0.0,0.0,0.0,0.0,0.2,0.2,0.4,0.2,0.2,0.2,0.4,0.4,0.4,0.2,0.2,0.4,0.0,0.0,0.2,0.2,0.2,0.2,0.4,0.0,0.2,0.4,0.4,0.2
第683回,2026-06-26,0.333333,0.0,0.166667,0.166667,0.166667,0.0,0.0,0.166667,0.0,0.0,0.166667,0.0,0.0,0.166667,0.166667,0.333333,0.166667,0.166667,0.166667,0.333333,0.5,0.5,0.166667,0.166667,0.5,0.0,0.0,0.333333,0.333333,0.166667,0.166667,0.333333,0.0,0.166667,0.333333,0.5,0.166667
第682回,2026-06-19,0.285714,0.0,0.142857,0.142857,0.142857,0.0,0.0,0.142857,0.0,0.0,0.285714,0.0,0.0,0.285714,0.142857,0.285714,0.285714,0.142857,0.142857,0.285714,0.428571,0.428571,0.285714,0.142857,0.428571,0.0,0.0,0.428571,0.285714,0.285714,0.142857,0.285714,0.0,0.142857,0.285714,0.571429,0.142857
第681回,2026-06-12,0.375,0.0,0.125,0.125,0.125,0.0,0.0,0.125,0.0,0.125,0.25,0.125,0.125,0.25,0.125,0.25,0.25,0.125,0.25,0.25,0.375,0.375,0.25,0.125,0.375,0.0,0.0,0.375,0.25,0.25,0.125,0.25,0.125,0.125,0.375,0.5,0.125
第680回,2026-06-05,0.333333,0.0,0.111111,0.111111,0.111111,0.0,0.0,0.111111,0.111111,0.222222,0.222222,0.111111,0.111111,0.222222,0.111111,0.222222,0.222222,0.111111,0.222222,0.222222,0.333333,0.444444,0.222222,0.111111,0.333333,0.111111,0.111111,0.333333,0.222222,0.222222,0.222222,0.222222,0.111111,0.111111,0.333333,0.555556,0.111111
第679回,2026-05-29,0.3,0.0,0.1,0.1,0.1,0.1,0.0,0.2,0.2,0.2,0.2,0.1,0.1,0.2,0.1,0.2,0.2,0.2,0.2,0.2,0.3,0.5,0.2,0.2,0.3,0.1,0.1,0.3,0.2,0.2,0.2,0.2,0.1,0.1,0.4,0.5,0.1
第678回,2026-05-22,0.272727,0.090909,0.090909,0.090909,0.090909,0.181818,0.0,0.181818,0.181818,0.181818,0.181818,0.181818,0.090909,0.181818,0.181818,0.181818,0.181818,0.181818,0.181818,0.181818,0.272727,0.454545,0.181818,0.272727,0.272727,0.181818,0.090909,0.272727,0.181818,0.181818,0.181818,0.181818,0.090909,0.181818,0.363636,0.454545,0.090909
第677回,2026-05-15,0.25,0.083333,0.083333,0.083333,0.166667,0.25,0.083333,0.25,0.166667,0.166667,0.166667,0.166667,0.083333,0.166667,0.25,0.166667,0.25,0.166667,0.25,0.166667,0.25,0.416667,0.166667,0.25,0.25,0.166667,0.083333,0.25,0.166667,0.166667,0.166667,0.166667,0.083333,0.166667,0.333333,0.416667,0.083333
第676回,2026-05-08,0.230769,0.153846,0.076923,0.076923,0.153846,0.307692,0.076923,0.230769,0.153846,0.153846,0.153846,0.153846,0.076923,0.153846,0.307692,0.153846,0.230769,0.153846,0.307692,0.230769,0.230769,0.461538,0.153846,0.230769,0.230769,0.153846,0.153846,0.230769,0.153846,0.153846,0.153846,0.153846,0.076923,0.153846,0.307692,0.384615,0.076923
第675回,2026-05-01,0.214286,0.142857,0.071429,0.071429,0.214286,0.285714,0.071429,0.285714,0.142857,0.142857,0.142857,0.142857,0.071429,0.142857,0.285714,0.214286,0.214286,0.214286,0.285714,0.214286,0.214286,0.428571,0.142857,0.285714,0.214286,0.142857,0.142857,0.285714,0.142857,0.142857,0.214286,0.142857,0.071429,0.142857,0.285714,0.357143,0.071429
第674回,2026-04-24,0.266667,0.133333,0.066667,0.066667,0.2,0.333333,0.133333,0.266667,0.2,0.133333,0.133333,0.2,0.066667,0.133333,0.266667,0.2,0.2,0.2,0.266667,0.2,0.2,0.466667,0.133333,0.266667,0.2,0.2,0.133333,0.266667,0.133333,0.133333,0.2,0.133333,0.066667,0.133333,0.266667,0.333333,0.066667
第673回,2026-04-17,0.25,0.125,0.0625,0.0625,0.1875,0.375,0.125,0.25,0.25,0.1875,0.125,0.25,0.0625,0.125,0.25,0.25,0.1875,0.1875,0.25,0.1875,0.1875,0.4375,0.125,0.3125,0.1875,0.1875,0.125,0.25,0.125,0.125,0.1875,0.1875,0.0625,0.125,0.25,0.3125,0.0625
第672回,2026-04-10,0.235294,0.117647,0.058824,0.058824,0.176471,0.352941,0.176471,0.235294,0.235294,0.176471,0.176471,0.235294,0.058824,0.117647,0.294118,0.294118,0.235294,0.176471,0.235294,0.176471,0.176471,0.411765,0.117647,0.352941,0.176471,0.176471,0.117647,0.235294,0.117647,0.117647,0.176471,0.176471,0.117647,0.117647,0.235294,0.294118,0.058824
第671回,2026-04-03,0.222222,0.111111,0.055556,0.055556,0.166667,0.333333,0.222222,0.222222,0.222222,0.166667,0.166667,0.222222,0.111111,0.111111,0.277778,0.333333,0.222222,0.166667,0.222222,0.166667,0.166667,0.444444,0.111111,0.333333,0.166667,0.166667,0.111111,0.277778,0.111111,0.111111,0.166667,0.166667,0.166667,0.111111,0.222222,0.333333,0.055556
第670回,2026-03-27,0.210526,0.105263,0.105263,0.105263,0.157895,0.315789,0.210526,0.210526,0.263158,0.210526,0.157895,0.210526,0.105263,0.105263,0.263158,0.315789,0.210526,0.210526,0.210526,0.157895,0.210526,0.421053,0.105263,0.315789,0.157895,0.157895,0.105263,0.263158,0.105263,0.105263,0.157895,0.157895,0.157895,0.105263,0.210526,0.315789,0.105263
第669回,2026-03-20,0.2,0.1,0.15,0.1,0.2,0.35,0.25,0.2,0.3,0.2,0.15,0.2,0.15,0.1,0.25,0.35,0.2,0.2,0.2,0.15,0.2,0.4,0.1,0.3,0.15,0.15,0.1,0.25,0.1,0.1,0.15,0.15,0.15,0.1,0.2,0.3,0.1
第668回,2026-03-13,0.238095,0.095238,0.142857,0.095238,0.190476,0.333333,0.238095,0.238095,0.285714,0.190476,0.190476,0.190476,0.142857,0.142857,0.238095,0.333333,0.190476,0.238095,0.190476,0.142857,0.190476,0.428571,0.095238,0.285714,0.142857,0.142857,0.095238,0.238095,0.142857,0.095238,0.142857,0.142857,0.142857,0.095238,0.190476,0.285714,0.095238
第667回,2026-03-06,0.227273,0.090909,0.136364,0.090909,0.181818,0.318182,0.227273,0.227273,0.318182,0.181818,0.181818,0.181818,0.181818,0.136364,0.227273,0.318182,0.181818,0.227273,0.181818,0.181818,0.181818,0.454545,0.090909,0.272727,0.136364,0.136364,0.090909,0.272727,0.181818,0.090909,0.136364,0.136364,0.181818,0.090909,0.181818,0.272727,0.090909
第666回,2026-02-27,0.217391,0.130435,0.130435,0.086957,0.173913,0.304348,0.217391,0.217391,0.304348,0.173913,0.173913,0.173913,0.173913,0.130435,0.217391,0.304348,0.217391,0.26087,0.173913,0.173913,0.173913,0.478261,0.130435,0.26087,0.173913,0.130435,0.086957,0.26087,0.173913,0.086957,0.130435,0.130435,0.217391,0.086957,0.173913,0.26087,0.086957
第665回,2026-02-20,0.208333,0.125,0.125,0.083333,0.166667,0.333333,0.208333,0.25,0.291667,0.166667,0.166667,0.166667,0.166667,0.166667,0.208333,0.291667,0.208333,0.25,0.208333,0.166667,0.166667,0.5,0.125,0.25,0.208333,0.125,0.083333,0.25,0.166667,0.083333,0.125,0.125,0.208333,0.083333,0.208333,0.25,0.083333
第664回,2026-02-13,0.2,0.12,0.16,0.08,0.16,0.36,0.2,0.28,0.28,0.16,0.16,0.16,0.16,0.2,0.2,0.28,0.2,0.24,0.2,0.16,0.2,0.52,0.12,0.24,0.2,0.12,0.08,0.24,0.16,0.08,0.16,0.12,0.2,0.08,0.2,0.24,0.08
第663回,2026-02-06,0.192308,0.115385,0.153846,0.115385,0.153846,0.384615,0.192308,0.269231,0.269231,0.192308,0.192308,0.153846,0.192308,0.192308,0.192308,0.269231,0.230769,0.230769,0.192308,0.153846,0.192308,0.5,0.153846,0.230769,0.192308,0.115385,0.076923,0.230769,0.153846,0.076923,0.153846,0.115385,0.192308,0.076923,0.192308,0.230769,0.076923
第662回,2026-01-30,0.185185,0.111111,0.148148,0.148148,0.148148,0.37037,0.185185,0.259259,0.259259,0.185185,0.185185,0.148148,0.185185,0.222222,0.222222,0.259259,0.222222,0.222222,0.185185,0.148148,0.222222,0.518519,0.148148,0.259259,0.185185,0.111111,0.074074,0.222222,0.148148,0.074074,0.148148,0.111111,0.185185,0.074074,0.185185,0.222222,0.111111
第661回,2026-01-23,0.178571,0.107143,0.142857,0.142857,0.142857,0.357143,0.214286,0.25,0.25,0.178571,0.178571,0.178571,0.178571,0.214286,0.214286,0.25,0.25,0.214286,0.178571,0.142857,0.214286,0.535714,0.142857,0.25,0.178571,0.107143,0.071429,0.214286,0.142857,0.071429,0.178571,0.107143,0.178571,0.107143,0.214286,0.214286,0.107143
第660回,2026-01-16,0.172414,0.103448,0.137931,0.172414,0.137931,0.37931,0.206897,0.241379,0.241379,0.172414,0.172414,0.206897,0.206897,0.206897,0.206897,0.275862,0.275862,0.206897,0.172414,0.137931,0.206897,0.517241,0.137931,0.241379,0.172414,0.103448,0.068966,0.206897,0.137931,0.068966,0.206897,0.103448,0.172414,0.103448,0.206897,0.206897,0.103448
第659回,2026-01-09,0.166667,0.133333,0.133333,0.166667,0.133333,0.366667,0.2,0.266667,0.266667,0.166667,0.166667,0.2,0.2,0.233333,0.2,0.266667,0.266667,0.2,0.166667,0.133333,0.2,0.5,0.133333,0.233333,0.166667,0.1,0.1,0.2,0.133333,0.066667,0.2,0.1,0.166667,0.133333,0.2,0.233333,0.1
第658回,2025-12-26,0.16129,0.129032,0.129032,0.16129,0.129032,0.354839,0.193548,0.258065,0.258065,0.193548,0.16129,0.225806,0.193548,0.225806,0.193548,0.290323,0.258065,0.225806,0.193548,0.129032,0.193548,0.516129,0.129032,0.225806,0.16129,0.096774,0.096774,0.193548,0.129032,0.064516,0.193548,0.096774,0.16129,0.129032,0.193548,0.225806,0.129032
第657回,2025-12-19,0.15625,0.125,0.125,0.15625,0.125,0.34375,0.1875,0.25,0.28125,0.1875,0.1875,0.21875,0.1875,0.21875,0.1875,0.3125,0.25,0.21875,0.1875,0.125,0.1875,0.5,0.15625,0.21875,0.15625,0.09375,0.125,0.1875,0.15625,0.0625,0.1875,0.125,0.15625,0.125,0.1875,0.21875,0.125
第656回,2025-12-12,0.181818,0.121212,0.121212,0.181818,0.121212,0.363636,0.181818,0.242424,0.272727,0.181818,0.181818,0.212121,0.181818,0.212121,0.181818,0.30303,0.242424,0.212121,0.181818,0.151515,0.181818,0.484848,0.151515,0.212121,0.151515,0.090909,0.121212,0.181818,0.151515,0.090909,0.181818,0.121212,0.151515,0.151515,0.181818,0.212121,0.151515
第655回,2025-12-05,0.176471,0.117647,0.117647,0.205882,0.147059,0.352941,0.176471,0.235294,0.264706,0.176471,0.176471,0.235294,0.205882,0.205882,0.176471,0.294118,0.235294,0.205882,0.176471,0.147059,0.176471,0.470588,0.147059,0.235294,0.147059,0.117647,0.117647,0.176471,0.147059,0.088235,0.176471,0.117647,0.176471,0.147059,0.176471,0.205882,0.147059
第654回,2025-11-28,0.171429,0.114286,0.142857,0.2,0.142857,0.342857,0.171429,0.228571,0.257143,0.171429,0.171429,0.257143,0.2,0.2,0.171429,0.285714,0.228571,0.2,0.171429,0.142857,0.171429,0.457143,0.142857,0.228571,0.171429,0.114286,0.114286,0.171429,0.171429,0.114286,0.171429,0.142857,0.2,0.142857,0.171429,0.2,0.142857
第653回,2025-11-21,0.166667,0.111111,0.138889,0.194444,0.138889,0.361111,0.194444,0.222222,0.25,0.166667,0.166667,0.277778,0.194444,0.194444,0.166667,0.277778,0.222222,0.194444,0.166667,0.138889,0.166667,0.444444,0.138889,0.222222,0.194444,0.138889,0.111111,0.166667,0.166667,0.138889,0.166667,0.138889,0.222222,0.138889,0.166667,0.194444,0.138889
第652回,2025-11-14,0.189189,0.108108,0.135135,0.189189,0.135135,0.351351,0.189189,0.216216,0.243243,0.162162,0.162162,0.27027,0.189189,0.189189,0.162162,0.297297,0.216216,0.189189,0.162162,0.135135,0.189189,0.432432,0.135135,0.216216,0.189189,0.162162,0.135135,0.162162,0.162162,0.162162,0.162162,0.135135,0.216216,0.135135,0.189189,0.189189,0.135135
第651回,2025-11-07,0.184211,0.131579,0.131579,0.184211,0.131579,0.342105,0.184211,0.210526,0.236842,0.157895,0.157895,0.263158,0.210526,0.184211,0.157895,0.289474,0.210526,0.184211,0.184211,0.157895,0.184211,0.421053,0.131579,0.236842,0.184211,0.184211,0.131579,0.157895,0.157895,0.157895,0.157895,0.131579,0.210526,0.131579,0.210526,0.184211,0.131579
第650回,2025-10-31,0.205128,0.128205,0.128205,0.179487,0.128205,0.333333,0.179487,0.230769,0.230769,0.179487,0.153846,0.25641,0.205128,0.205128,0.153846,0.282051,0.205128,0.179487,0.179487,0.153846,0.179487,0.410256,0.128205,0.230769,0.205128,0.179487,0.128205,0.153846,0.153846,0.153846,0.153846,0.128205,0.230769,0.128205,0.230769,0.179487,0.128205
第649回,2025-10-24,0.2,0.125,0.125,0.175,0.125,0.325,0.175,0.225,0.225,0.175,0.15,0.275,0.2,0.2,0.15,0.275,0.2,0.175,0.175,0.15,0.175,0.425,0.15,0.225,0.2,0.2,0.125,0.15,0.15,0.15,0.15,0.125,0.25,0.125,0.25,0.175,0.15
第648回,2025-10-17,0.195122,0.121951,0.146341,0.170732,0.121951,0.317073,0.170732,0.219512,0.219512,0.170732,0.146341,0.268293,0.195122,0.195122,0.146341,0.268293,0.219512,0.170732,0.195122,0.146341,0.170732,0.414634,0.146341,0.243902,0.195122,0.195122,0.121951,0.170732,0.170732,0.146341,0.146341,0.121951,0.243902,0.121951,0.268293,0.170732,0.146341
第647回,2025-10-10,0.190476,0.119048,0.142857,0.190476,0.142857,0.309524,0.166667,0.214286,0.238095,0.166667,0.142857,0.261905,0.214286,0.190476,0.142857,0.261905,0.238095,0.166667,0.190476,0.142857,0.166667,0.428571,0.142857,0.238095,0.190476,0.190476,0.119048,0.190476,0.166667,0.142857,0.142857,0.119048,0.238095,0.119048,0.261905,0.166667,0.142857
第646回,2025-10-03,0.186047,0.116279,0.139535,0.186047,0.162791,0.302326,0.162791,0.209302,0.232558,0.162791,0.139535,0.27907,0.232558,0.186047,0.162791,0.255814,0.232558,0.186047,0.186047,0.139535,0.162791,0.418605,0.139535,0.232558,0.186047,0.186047,0.116279,0.186047,0.162791,0.139535,0.139535,0.116279,0.232558,0.116279,0.27907,0.162791,0.162791
第645回,2025-09-26,0.181818,0.113636,0.136364,0.181818,0.159091,0.295455,0.181818,0.204545,0.227273,0.181818,0.136364,0.272727,0.227273,0.181818,0.159091,0.272727,0.227273,0.181818,0.181818,0.159091,0.159091,0.409091,0.136364,0.227273,0.181818,0.204545,0.113636,0.181818,0.159091,0.136364,0.136364,0.136364,0.227273,0.113636,0.295455,0.159091,0.159091
第644回,2025-09-19,0.2,0.111111,0.133333,0.177778,0.155556,0.288889,0.177778,0.2,0.222222,0.177778,0.155556,0.288889,0.222222,0.2,0.155556,0.266667,0.222222,0.177778,0.177778,0.177778,0.155556,0.4,0.133333,0.222222,0.177778,0.222222,0.111111,0.177778,0.177778,0.133333,0.133333,0.133333,0.222222,0.111111,0.288889,0.155556,0.155556
第643回,2025-09-12,0.217391,0.108696,0.130435,0.173913,0.173913,0.282609,0.173913,0.195652,0.217391,0.173913,0.152174,0.282609,0.217391,0.195652,0.173913,0.282609,0.217391,0.195652,0.173913,0.173913,0.152174,0.391304,0.130435,0.217391,0.173913,0.217391,0.130435,0.173913,0.173913,0.130435,0.130435,0.130435,0.217391,0.130435,0.282609,0.152174,0.152174
第642回,2025-09-05,0.234043,0.106383,0.12766,0.170213,0.170213,0.276596,0.191489,0.191489,0.212766,0.170213,0.148936,0.276596,0.212766,0.191489,0.170213,0.276596,0.212766,0.191489,0.170213,0.170213,0.148936,0.404255,0.148936,0.212766,0.170213,0.212766,0.12766,0.170213,0.170213,0.12766,0.12766,0.12766,0.234043,0.148936,0.297872,0.148936,0.148936
第641回,2025-08-29,0.25,0.104167,0.145833,0.166667,0.166667,0.270833,0.208333,0.1875,0.208333,0.166667,0.145833,0.270833,0.208333,0.1875,0.166667,0.270833,0.208333,0.1875,0.166667,0.166667,0.145833,0.395833,0.166667,0.229167,0.166667,0.208333,0.125,0.166667,0.166667,0.125,0.125,0.125,0.25,0.145833,0.291667,0.166667,0.145833
第640回,2025-08-22,0.244898,0.122449,0.142857,0.163265,0.163265,0.265306,0.22449,0.183673,0.22449,0.163265,0.142857,0.285714,0.22449,0.204082,0.163265,0.265306,0.204082,0.183673,0.163265,0.163265,0.142857,0.387755,0.163265,0.22449,0.163265,0.204082,0.122449,0.163265,0.183673,0.122449,0.122449,0.122449,0.244898,0.142857,0.285714,0.163265,0.142857
第639回,2025-08-15,0.24,0.12,0.14,0.16,0.18,0.26,0.22,0.18,0.24,0.16,0.14,0.3,0.22,0.2,0.18,0.26,0.2,0.18,0.16,0.16,0.14,0.38,0.16,0.22,0.16,0.2,0.12,0.16,0.18,0.14,0.14,0.12,0.24,0.16,0.28,0.16,0.14
第638回,2025-08-08,0.254902,0.117647,0.137255,0.156863,0.176471,0.27451,0.215686,0.176471,0.235294,0.156863,0.137255,0.294118,0.215686,0.196078,0.176471,0.254902,0.196078,0.196078,0.176471,0.156863,0.137255,0.372549,0.156863,0.215686,0.156863,0.196078,0.117647,0.156863,0.176471,0.137255,0.137255,0.117647,0.235294,0.156863,0.294118,0.176471,0.156863
第637回,2025-08-01,0.269231,0.115385,0.134615,0.173077,0.173077,0.269231,0.230769,0.192308,0.25,0.153846,0.134615,0.288462,0.211538,0.192308,0.173077,0.25,0.192308,0.192308,0.173077,0.173077,0.153846,0.365385,0.153846,0.211538,0.153846,0.192308,0.115385,0.153846,0.173077,0.134615,0.134615,0.115385,0.230769,0.153846,0.288462,0.173077,0.153846
第636回,2025-07-25,0.264151,0.113208,0.132075,0.169811,0.169811,0.264151,0.226415,0.188679,0.245283,0.169811,0.132075,0.283019,0.207547,0.207547,0.169811,0.245283,0.207547,0.188679,0.169811,0.188679,0.150943,0.358491,0.150943,0.207547,0.150943,0.207547,0.132075,0.150943,0.188679,0.132075,0.132075,0.113208,0.226415,0.150943,0.283019,0.169811,0.150943
第635回,2025-07-18,0.259259,0.111111,0.12963,0.166667,0.166667,0.259259,0.222222,0.185185,0.240741,0.185185,0.12963,0.296296,0.203704,0.203704,0.166667,0.240741,0.203704,0.185185,0.166667,0.203704,0.148148,0.351852,0.148148,0.203704,0.148148,0.203704,0.12963,0.148148,0.203704,0.148148,0.148148,0.111111,0.222222,0.166667,0.277778,0.166667,0.148148
第634回,2025-07-11,0.254545,0.127273,0.127273,0.163636,0.163636,0.254545,0.218182,0.181818,0.236364,0.181818,0.127273,0.309091,0.2,0.2,0.163636,0.236364,0.2,0.2,0.163636,0.2,0.145455,0.345455,0.145455,0.2,0.145455,0.2,0.127273,0.145455,0.218182,0.145455,0.145455,0.127273,0.218182,0.163636,0.272727,0.181818,0.163636
第633回,2025-07-04,0.25,0.142857,0.125,0.160714,0.178571,0.25,0.214286,0.178571,0.232143,0.196429,0.125,0.303571,0.196429,0.196429,0.160714,0.232143,0.214286,0.196429,0.160714,0.196429,0.160714,0.339286,0.142857,0.196429,0.142857,0.196429,0.125,0.142857,0.214286,0.142857,0.160714,0.125,0.214286,0.160714,0.267857,0.196429,0.160714
第632回,2025-06-27,0.245614,0.140351,0.122807,0.157895,0.192982,0.245614,0.22807,0.175439,0.22807,0.210526,0.140351,0.298246,0.192982,0.192982,0.157895,0.22807,0.210526,0.192982,0.157895,0.192982,0.157895,0.333333,0.140351,0.192982,0.140351,0.192982,0.122807,0.140351,0.22807,0.140351,0.175439,0.122807,0.210526,0.157895,0.263158,0.192982,0.175439
第631回,2025-06-20,0.241379,0.155172,0.137931,0.155172,0.189655,0.258621,0.224138,0.172414,0.224138,0.206897,0.137931,0.293103,0.189655,0.189655,0.155172,0.224138,0.224138,0.189655,0.155172,0.189655,0.155172,0.327586,0.137931,0.189655,0.137931,0.189655,0.12069,0.137931,0.224138,0.137931,0.172414,0.12069,0.224138,0.155172,0.275862,0.206897,0.172414
第630回,2025-06-13,0.237288,0.152542,0.135593,0.169492,0.186441,0.271186,0.220339,0.186441,0.220339,0.20339,0.135593,0.288136,0.186441,0.186441,0.152542,0.220339,0.220339,0.186441,0.152542,0.186441,0.152542,0.322034,0.152542,0.186441,0.135593,0.186441,0.118644,0.152542,0.237288,0.135593,0.169492,0.118644,0.220339,0.169492,0.271186,0.20339,0.169492
第629回,2025-06-06,0.233333,0.166667,0.133333,0.166667,0.183333,0.266667,0.233333,0.183333,0.233333,0.2,0.133333,0.283333,0.183333,0.183333,0.15,0.216667,0.216667,0.183333,0.15,0.183333,0.166667,0.316667,0.166667,0.2,0.133333,0.183333,0.116667,0.15,0.233333,0.15,0.166667,0.116667,0.216667,0.166667,0.266667,0.2,0.166667
第628回,2025-05-30,0.245902,0.163934,0.131148,0.163934,0.180328,0.262295,0.229508,0.196721,0.245902,0.196721,0.147541,0.278689,0.180328,0.180328,0.147541,0.213115,0.213115,0.196721,0.147541,0.180328,0.163934,0.311475,0.163934,0.196721,0.131148,0.180328,0.131148,0.147541,0.229508,0.147541,0.163934,0.114754,0.213115,0.163934,0.278689,0.196721,0.163934
第627回,2025-05-23,0.241935,0.16129,0.129032,0.16129,0.177419,0.258065,0.225806,0.193548,0.258065,0.193548,0.145161,0.274194,0.177419,0.177419,0.16129,0.209677,0.209677,0.193548,0.145161,0.177419,0.177419,0.306452,0.16129,0.193548,0.129032,0.177419,0.129032,0.145161,0.225806,0.16129,0.16129,0.112903,0.225806,0.177419,0.274194,0.193548,0.177419
第626回,2025-05-16,0.253968,0.15873,0.142857,0.15873,0.174603,0.253968,0.238095,0.190476,0.253968,0.190476,0.142857,0.285714,0.174603,0.174603,0.15873,0.206349,0.222222,0.190476,0.142857,0.174603,0.174603,0.301587,0.15873,0.190476,0.126984,0.174603,0.126984,0.142857,0.222222,0.15873,0.15873,0.126984,0.222222,0.190476,0.269841,0.190476,0.174603
第625回,2025-05-09,0.25,0.15625,0.15625,0.15625,0.171875,0.25,0.234375,0.1875,0.25,0.203125,0.140625,0.296875,0.171875,0.171875,0.15625,0.203125,0.21875,0.203125,0.15625,0.171875,0.171875,0.296875,0.15625,0.203125,0.125,0.171875,0.125,0.140625,0.21875,0.15625,0.15625,0.140625,0.21875,0.1875,0.265625,0.1875,0.171875
第624回,2025-05-02,0.246154,0.169231,0.153846,0.153846,0.169231,0.246154,0.230769,0.184615,0.246154,0.2,0.138462,0.292308,0.169231,0.184615,0.169231,0.2,0.215385,0.2,0.153846,0.169231,0.169231,0.292308,0.153846,0.2,0.123077,0.184615,0.138462,0.138462,0.215385,0.153846,0.153846,0.138462,0.215385,0.2,0.261538,0.2,0.169231
第623回,2025-04-25,0.242424,0.166667,0.151515,0.151515,0.166667,0.242424,0.227273,0.181818,0.257576,0.19697,0.136364,0.30303,0.166667,0.181818,0.166667,0.19697,0.212121,0.19697,0.151515,0.166667,0.166667,0.30303,0.151515,0.19697,0.121212,0.19697,0.136364,0.151515,0.212121,0.151515,0.166667,0.136364,0.212121,0.19697,0.257576,0.19697,0.181818
第622回,2025-04-18,0.253731,0.164179,0.149254,0.149254,0.164179,0.238806,0.223881,0.179104,0.253731,0.208955,0.134328,0.298507,0.164179,0.179104,0.164179,0.19403,0.208955,0.19403,0.149254,0.164179,0.164179,0.298507,0.149254,0.19403,0.119403,0.19403,0.134328,0.164179,0.223881,0.164179,0.164179,0.134328,0.223881,0.208955,0.253731,0.19403,0.179104
第621回,2025-04-11,0.264706,0.176471,0.147059,0.147059,0.161765,0.235294,0.220588,0.176471,0.25,0.205882,0.132353,0.308824,0.176471,0.191176,0.161765,0.191176,0.205882,0.191176,0.147059,0.161765,0.161765,0.294118,0.147059,0.191176,0.117647,0.191176,0.132353,0.161765,0.220588,0.176471,0.161765,0.132353,0.220588,0.205882,0.25,0.205882,0.176471
第620回,2025-04-04,0.26087,0.188406,0.144928,0.15942,0.15942,0.231884,0.217391,0.188406,0.246377,0.217391,0.130435,0.318841,0.173913,0.188406,0.15942,0.188406,0.202899,0.188406,0.144928,0.15942,0.15942,0.289855,0.144928,0.188406,0.115942,0.188406,0.130435,0.15942,0.231884,0.173913,0.15942,0.144928,0.217391,0.202899,0.246377,0.202899,0.173913
第619回,2025-03-28,0.257143,0.185714,0.142857,0.157143,0.157143,0.228571,0.214286,0.2,0.257143,0.214286,0.128571,0.314286,0.171429,0.185714,0.157143,0.185714,0.2,0.2,0.142857,0.171429,0.157143,0.285714,0.142857,0.185714,0.114286,0.185714,0.142857,0.157143,0.242857,0.171429,0.157143,0.157143,0.214286,0.2,0.242857,0.2,0.171429
第618回,2025-03-21,0.253521,0.183099,0.140845,0.15493,0.15493,0.225352,0.225352,0.197183,0.253521,0.211268,0.126761,0.309859,0.169014,0.183099,0.15493,0.183099,0.211268,0.197183,0.140845,0.183099,0.15493,0.28169,0.15493,0.197183,0.112676,0.183099,0.140845,0.15493,0.239437,0.169014,0.15493,0.15493,0.211268,0.211268,0.239437,0.211268,0.169014
第617回,2025-03-14,0.25,0.194444,0.138889,0.152778,0.152778,0.236111,0.222222,0.194444,0.25,0.222222,0.125,0.319444,0.166667,0.180556,0.152778,0.180556,0.208333,0.194444,0.138889,0.180556,0.152778,0.277778,0.152778,0.194444,0.125,0.180556,0.138889,0.166667,0.236111,0.166667,0.152778,0.152778,0.208333,0.208333,0.25,0.208333,0.166667
第616回,2025-03-07,0.246575,0.191781,0.136986,0.150685,0.150685,0.232877,0.232877,0.191781,0.246575,0.219178,0.123288,0.315068,0.164384,0.178082,0.164384,0.178082,0.205479,0.191781,0.136986,0.191781,0.150685,0.273973,0.150685,0.191781,0.123288,0.178082,0.136986,0.178082,0.246575,0.164384,0.150685,0.150685,0.205479,0.219178,0.246575,0.219178,0.164384
第615回,2025-02-28,0.243243,0.189189,0.135135,0.162162,0.148649,0.22973,0.22973,0.189189,0.243243,0.216216,0.135135,0.310811,0.162162,0.175676,0.162162,0.175676,0.202703,0.189189,0.135135,0.189189,0.162162,0.27027,0.148649,0.189189,0.121622,0.189189,0.148649,0.189189,0.243243,0.162162,0.148649,0.148649,0.216216,0.216216,0.243243,0.216216,0.162162
第614回,2025-02-21,0.24,0.186667,0.133333,0.16,0.146667,0.226667,0.226667,0.186667,0.24,0.213333,0.133333,0.306667,0.16,0.186667,0.16,0.173333,0.2,0.186667,0.133333,0.186667,0.173333,0.28,0.16,0.2,0.12,0.186667,0.146667,0.2,0.24,0.16,0.146667,0.146667,0.213333,0.226667,0.24,0.213333,0.16
第613回,2025-02-14,0.236842,0.184211,0.144737,0.157895,0.157895,0.236842,0.223684,0.184211,0.236842,0.223684,0.131579,0.302632,0.157895,0.184211,0.157895,0.171053,0.197368,0.184211,0.144737,0.184211,0.184211,0.276316,0.157895,0.197368,0.118421,0.184211,0.144737,0.197368,0.236842,0.157895,0.144737,0.144737,0.210526,0.223684,0.25,0.210526,0.157895
第612回,2025-02-07,0.233766,0.181818,0.142857,0.155844,0.168831,0.233766,0.220779,0.181818,0.233766,0.220779,0.12987,0.298701,0.168831,0.181818,0.155844,0.181818,0.194805,0.181818,0.142857,0.181818,0.181818,0.272727,0.168831,0.194805,0.116883,0.181818,0.155844,0.194805,0.233766,0.155844,0.155844,0.142857,0.207792,0.233766,0.246753,0.207792,0.155844
第611回,2025-01-31,0.230769,0.179487,0.141026,0.153846,0.166667,0.230769,0.230769,0.192308,0.230769,0.217949,0.141026,0.294872,0.166667,0.179487,0.153846,0.179487,0.192308,0.192308,0.141026,0.192308,0.179487,0.269231,0.166667,0.192308,0.115385,0.179487,0.153846,0.192308,0.230769,0.166667,0.153846,0.141026,0.205128,0.24359,0.24359,0.205128,0.153846
第610回,2025-01-24,0.240506,0.177215,0.139241,0.151899,0.164557,0.227848,0.227848,0.202532,0.240506,0.21519,0.139241,0.291139,0.164557,0.177215,0.151899,0.177215,0.189873,0.189873,0.139241,0.189873,0.177215,0.265823,0.177215,0.202532,0.113924,0.177215,0.151899,0.189873,0.227848,0.164557,0.164557,0.139241,0.202532,0.240506,0.240506,0.21519,0.151899
第609回,2025-01-17,0.2375,0.175,0.1375,0.1625,0.1625,0.225,0.225,0.2,0.2375,0.2125,0.15,0.3,0.1625,0.175,0.15,0.175,0.1875,0.1875,0.1375,0.1875,0.175,0.2625,0.1875,0.2,0.1125,0.1875,0.15,0.1875,0.225,0.1625,0.1625,0.15,0.2,0.2375,0.2375,0.2125,0.1625
第608回,2025-01-10,0.234568,0.17284,0.135802,0.160494,0.160494,0.222222,0.234568,0.197531,0.234568,0.222222,0.160494,0.296296,0.160494,0.17284,0.148148,0.17284,0.185185,0.197531,0.135802,0.197531,0.17284,0.259259,0.185185,0.197531,0.111111,0.185185,0.148148,0.185185,0.234568,0.17284,0.160494,0.148148,0.197531,0.234568,0.234568,0.209877,0.160494
第607回,2024-12-27,0.231707,0.170732,0.134146,0.158537,0.158537,0.219512,0.231707,0.195122,0.231707,0.219512,0.158537,0.304878,0.158537,0.182927,0.146341,0.170732,0.182927,0.195122,0.134146,0.207317,0.170732,0.256098,0.182927,0.195122,0.109756,0.182927,0.158537,0.182927,0.231707,0.170732,0.170732,0.146341,0.195122,0.243902,0.231707,0.207317,0.170732
第606回,2024-12-20,0.228916,0.168675,0.13253,0.156627,0.156627,0.216867,0.228916,0.192771,0.240964,0.216867,0.156627,0.301205,0.156627,0.180723,0.144578,0.168675,0.192771,0.204819,0.13253,0.216867,0.168675,0.26506,0.180723,0.192771,0.108434,0.180723,0.168675,0.180723,0.228916,0.168675,0.168675,0.144578,0.192771,0.240964,0.228916,0.216867,0.168675
第605回,2024-12-13,0.22619,0.178571,0.130952,0.154762,0.154762,0.214286,0.22619,0.202381,0.238095,0.214286,0.154762,0.297619,0.154762,0.178571,0.154762,0.166667,0.190476,0.202381,0.130952,0.214286,0.166667,0.261905,0.178571,0.190476,0.107143,0.190476,0.166667,0.190476,0.22619,0.166667,0.178571,0.154762,0.190476,0.238095,0.22619,0.214286,0.166667
第604回,2024-12-06,0.223529,0.176471,0.129412,0.164706,0.152941,0.223529,0.223529,0.2,0.247059,0.211765,0.152941,0.305882,0.152941,0.176471,0.152941,0.164706,0.188235,0.2,0.129412,0.211765,0.164706,0.258824,0.176471,0.188235,0.117647,0.188235,0.164706,0.188235,0.223529,0.164706,0.188235,0.152941,0.188235,0.235294,0.223529,0.223529,0.164706
第603回,2024-11-29,0.22093,0.174419,0.127907,0.174419,0.151163,0.22093,0.22093,0.197674,0.255814,0.22093,0.151163,0.302326,0.151163,0.174419,0.151163,0.162791,0.186047,0.197674,0.127907,0.209302,0.162791,0.255814,0.186047,0.186047,0.116279,0.186047,0.162791,0.197674,0.22093,0.174419,0.186047,0.151163,0.186047,0.244186,0.22093,0.22093,0.162791
第602回,2024-11-22,0.218391,0.172414,0.126437,0.172414,0.149425,0.218391,0.229885,0.195402,0.252874,0.218391,0.149425,0.298851,0.149425,0.172414,0.16092,0.16092,0.183908,0.206897,0.126437,0.206897,0.16092,0.252874,0.183908,0.195402,0.114943,0.183908,0.16092,0.195402,0.229885,0.172414,0.195402,0.149425,0.183908,0.252874,0.218391,0.218391,0.16092
第601回,2024-11-15,0.215909,0.170455,0.125,0.181818,0.147727,0.215909,0.227273,0.204545,0.25,0.215909,0.147727,0.295455,0.147727,0.170455,0.159091,0.159091,0.181818,0.215909,0.125,0.215909,0.159091,0.25,0.181818,0.193182,0.113636,0.181818,0.159091,0.193182,0.238636,0.170455,0.193182,0.147727,0.181818,0.25,0.227273,0.215909,0.170455
第600回,2024-11-08,0.224719,0.179775,0.123596,0.179775,0.146067,0.213483,0.224719,0.202247,0.247191,0.213483,0.146067,0.303371,0.146067,0.168539,0.157303,0.168539,0.179775,0.213483,0.134831,0.213483,0.157303,0.247191,0.179775,0.191011,0.11236,0.179775,0.157303,0.191011,0.247191,0.168539,0.191011,0.157303,0.179775,0.247191,0.224719,0.213483,0.168539
第599回,2024-11-01,0.222222,0.177778,0.122222,0.188889,0.144444,0.211111,0.233333,0.2,0.244444,0.211111,0.144444,0.3,0.144444,0.166667,0.155556,0.177778,0.177778,0.211111,0.144444,0.211111,0.155556,0.244444,0.177778,0.188889,0.111111,0.188889,0.155556,0.188889,0.244444,0.166667,0.2,0.155556,0.188889,0.244444,0.222222,0.211111,0.166667
第598回,2024-10-25,0.230769,0.175824,0.120879,0.197802,0.142857,0.208791,0.241758,0.197802,0.241758,0.208791,0.153846,0.307692,0.142857,0.164835,0.153846,0.175824,0.175824,0.21978,0.142857,0.208791,0.153846,0.241758,0.175824,0.186813,0.10989,0.197802,0.153846,0.186813,0.241758,0.164835,0.197802,0.153846,0.186813,0.241758,0.21978,0.208791,0.164835
第597回,2024-10-18,0.228261,0.184783,0.119565,0.206522,0.141304,0.206522,0.23913,0.195652,0.23913,0.206522,0.152174,0.304348,0.141304,0.173913,0.163043,0.173913,0.173913,0.217391,0.141304,0.206522,0.152174,0.25,0.173913,0.184783,0.108696,0.195652,0.163043,0.184783,0.23913,0.163043,0.195652,0.152174,0.184783,0.25,0.217391,0.206522,0.163043
第596回,2024-10-11,0.236559,0.182796,0.11828,0.204301,0.139785,0.204301,0.236559,0.193548,0.247312,0.204301,0.150538,0.301075,0.139785,0.172043,0.16129,0.182796,0.172043,0.215054,0.150538,0.204301,0.150538,0.247312,0.182796,0.182796,0.107527,0.193548,0.16129,0.182796,0.247312,0.16129,0.193548,0.16129,0.182796,0.247312,0.215054,0.204301,0.16129
第595回,2024-10-04,0.234043,0.180851,0.117021,0.202128,0.138298,0.202128,0.234043,0.191489,0.244681,0.202128,0.148936,0.297872,0.138298,0.180851,0.170213,0.191489,0.170213,0.212766,0.159574,0.202128,0.148936,0.244681,0.180851,0.180851,0.117021,0.191489,0.159574,0.191489,0.244681,0.159574,0.191489,0.159574,0.191489,0.244681,0.212766,0.202128,0.159574
第594回,2024-09-27,0.231579,0.178947,0.115789,0.2,0.147368,0.2,0.231579,0.189474,0.242105,0.2,0.147368,0.305263,0.136842,0.178947,0.168421,0.189474,0.168421,0.210526,0.157895,0.2,0.157895,0.242105,0.178947,0.178947,0.126316,0.189474,0.168421,0.189474,0.242105,0.157895,0.189474,0.157895,0.189474,0.252632,0.210526,0.210526,0.157895
第593回,2024-09-20,0.229167,0.177083,0.125,0.197917,0.145833,0.197917,0.229167,0.197917,0.25,0.197917,0.145833,0.302083,0.135417,0.1875,0.177083,0.1875,0.166667,0.208333,0.15625,0.197917,0.15625,0.25,0.177083,0.177083,0.125,0.1875,0.166667,0.1875,0.239583,0.15625,0.1875,0.166667,0.1875,0.25,0.208333,0.208333,0.15625
第592回,2024-09-13,0.226804,0.175258,0.134021,0.195876,0.14433,0.195876,0.226804,0.206186,0.247423,0.195876,0.154639,0.298969,0.134021,0.185567,0.185567,0.185567,0.164948,0.206186,0.164948,0.195876,0.154639,0.247423,0.175258,0.185567,0.123711,0.185567,0.164948,0.185567,0.237113,0.154639,0.185567,0.175258,0.185567,0.247423,0.206186,0.206186,0.154639
第591回,2024-09-06,0.22449,0.173469,0.132653,0.204082,0.142857,0.193878,0.234694,0.214286,0.244898,0.193878,0.163265,0.295918,0.132653,0.183673,0.183673,0.183673,0.163265,0.204082,0.163265,0.193878,0.163265,0.244898,0.183673,0.183673,0.122449,0.183673,0.163265,0.183673,0.234694,0.153061,0.183673,0.173469,0.183673,0.244898,0.214286,0.204082,0.153061
第590回,2024-08-30,0.232323,0.171717,0.141414,0.20202,0.141414,0.191919,0.232323,0.212121,0.252525,0.20202,0.161616,0.292929,0.131313,0.181818,0.191919,0.181818,0.161616,0.20202,0.161616,0.191919,0.161616,0.242424,0.181818,0.181818,0.131313,0.181818,0.161616,0.181818,0.232323,0.151515,0.181818,0.171717,0.181818,0.242424,0.222222,0.20202,0.151515
第589回,2024-08-23,0.24,0.17,0.14,0.2,0.14,0.2,0.23,0.22,0.26,0.2,0.16,0.29,0.13,0.19,0.19,0.18,0.16,0.2,0.16,0.19,0.16,0.24,0.18,0.18,0.13,0.18,0.16,0.18,0.24,0.15,0.18,0.17,0.19,0.24,0.22,0.2,0.15
第588回,2024-08-16,0.237624,0.168317,0.148515,0.19802,0.148515,0.19802,0.227723,0.217822,0.267327,0.19802,0.158416,0.287129,0.138614,0.188119,0.19802,0.178218,0.158416,0.19802,0.158416,0.188119,0.168317,0.237624,0.178218,0.178218,0.128713,0.178218,0.158416,0.178218,0.237624,0.148515,0.188119,0.168317,0.188119,0.237624,0.217822,0.19802,0.148515
第587回,2024-08-09,0.235294,0.166667,0.147059,0.196078,0.147059,0.196078,0.22549,0.215686,0.264706,0.196078,0.156863,0.284314,0.137255,0.186275,0.205882,0.176471,0.156863,0.205882,0.156863,0.186275,0.176471,0.245098,0.186275,0.176471,0.137255,0.176471,0.156863,0.176471,0.235294,0.147059,0.186275,0.176471,0.186275,0.235294,0.215686,0.196078,0.147059
第586回,2024-08-02,0.242718,0.174757,0.145631,0.203883,0.145631,0.194175,0.223301,0.213592,0.262136,0.194175,0.15534,0.281553,0.135922,0.194175,0.213592,0.174757,0.15534,0.203883,0.15534,0.184466,0.174757,0.252427,0.194175,0.174757,0.135922,0.174757,0.15534,0.174757,0.23301,0.145631,0.184466,0.174757,0.184466,0.23301,0.213592,0.194175,0.145631
第585回,2024-07-26,0.240385,0.173077,0.144231,0.201923,0.144231,0.201923,0.221154,0.211538,0.259615,0.192308,0.163462,0.278846,0.144231,0.201923,0.211538,0.182692,0.153846,0.201923,0.153846,0.182692,0.173077,0.25,0.192308,0.173077,0.134615,0.173077,0.163462,0.173077,0.230769,0.144231,0.182692,0.173077,0.182692,0.240385,0.211538,0.192308,0.144231
第584回,2024-07-19,0.238095,0.171429,0.142857,0.2,0.142857,0.2,0.219048,0.209524,0.257143,0.2,0.171429,0.285714,0.142857,0.2,0.209524,0.180952,0.161905,0.2,0.152381,0.180952,0.171429,0.247619,0.2,0.171429,0.133333,0.171429,0.161905,0.171429,0.228571,0.152381,0.180952,0.171429,0.180952,0.238095,0.209524,0.2,0.142857
第583回,2024-07-12,0.245283,0.169811,0.141509,0.198113,0.150943,0.198113,0.216981,0.216981,0.264151,0.198113,0.169811,0.283019,0.141509,0.198113,0.207547,0.179245,0.160377,0.198113,0.150943,0.188679,0.169811,0.245283,0.198113,0.169811,0.132075,0.169811,0.160377,0.169811,0.226415,0.160377,0.179245,0.169811,0.179245,0.235849,0.207547,0.198113,0.150943
第582回,2024-07-05,0.242991,0.168224,0.140187,0.196262,0.158879,0.196262,0.224299,0.214953,0.261682,0.196262,0.168224,0.280374,0.140187,0.196262,0.205607,0.17757,0.158879,0.196262,0.149533,0.186916,0.168224,0.252336,0.196262,0.168224,0.130841,0.168224,0.158879,0.168224,0.233645,0.168224,0.17757,0.17757,0.17757,0.233645,0.205607,0.205607,0.149533
第581回,2024-06-28,0.240741,0.166667,0.148148,0.194444,0.157407,0.194444,0.222222,0.222222,0.259259,0.203704,0.166667,0.277778,0.138889,0.194444,0.212963,0.175926,0.157407,0.203704,0.148148,0.185185,0.166667,0.25,0.203704,0.166667,0.12963,0.166667,0.157407,0.166667,0.231481,0.166667,0.175926,0.175926,0.175926,0.231481,0.203704,0.203704,0.157407
第580回,2024-06-21,0.238532,0.165138,0.146789,0.201835,0.155963,0.192661,0.220183,0.220183,0.256881,0.201835,0.165138,0.275229,0.146789,0.201835,0.220183,0.174312,0.165138,0.201835,0.146789,0.183486,0.165138,0.247706,0.201835,0.165138,0.12844,0.165138,0.165138,0.165138,0.229358,0.165138,0.174312,0.174312,0.183486,0.229358,0.201835,0.201835,0.155963
第579回,2024-06-14,0.236364,0.163636,0.145455,0.2,0.154545,0.190909,0.227273,0.218182,0.254545,0.2,0.163636,0.272727,0.145455,0.2,0.218182,0.172727,0.163636,0.2,0.154545,0.181818,0.163636,0.245455,0.209091,0.163636,0.127273,0.163636,0.163636,0.163636,0.227273,0.163636,0.172727,0.172727,0.190909,0.236364,0.209091,0.209091,0.154545
第578回,2024-06-07,0.234234,0.171171,0.144144,0.198198,0.153153,0.189189,0.225225,0.216216,0.252252,0.198198,0.162162,0.27027,0.144144,0.198198,0.225225,0.171171,0.162162,0.198198,0.162162,0.189189,0.162162,0.252252,0.207207,0.162162,0.126126,0.162162,0.162162,0.162162,0.225225,0.162162,0.18018,0.171171,0.189189,0.234234,0.207207,0.216216,0.153153
第577回,2024-05-31,0.232143,0.169643,0.142857,0.196429,0.151786,0.1875,0.223214,0.214286,0.25,0.196429,0.169643,0.267857,0.151786,0.196429,0.223214,0.169643,0.160714,0.196429,0.169643,0.1875,0.160714,0.25,0.205357,0.160714,0.133929,0.160714,0.160714,0.160714,0.232143,0.160714,0.178571,0.169643,0.1875,0.232143,0.205357,0.223214,0.160714
第576回,2024-05-24,0.230088,0.168142,0.141593,0.19469,0.150442,0.185841,0.221239,0.212389,0.247788,0.19469,0.176991,0.265487,0.159292,0.20354,0.221239,0.168142,0.159292,0.20354,0.176991,0.185841,0.159292,0.247788,0.212389,0.159292,0.132743,0.159292,0.159292,0.159292,0.230088,0.159292,0.185841,0.168142,0.185841,0.230088,0.20354,0.221239,0.159292
第575回,2024-05-17,0.22807,0.175439,0.140351,0.192982,0.149123,0.184211,0.219298,0.210526,0.245614,0.192982,0.175439,0.27193,0.157895,0.201754,0.219298,0.166667,0.157895,0.210526,0.175439,0.192982,0.157895,0.245614,0.210526,0.157895,0.140351,0.157895,0.157895,0.166667,0.22807,0.166667,0.184211,0.166667,0.184211,0.22807,0.201754,0.219298,0.157895
第574回,2024-05-10,0.226087,0.173913,0.13913,0.2,0.156522,0.182609,0.217391,0.208696,0.243478,0.191304,0.173913,0.269565,0.165217,0.2,0.217391,0.173913,0.156522,0.208696,0.173913,0.191304,0.156522,0.252174,0.217391,0.156522,0.13913,0.156522,0.156522,0.165217,0.226087,0.165217,0.182609,0.165217,0.182609,0.226087,0.208696,0.217391,0.156522
第573回,2024-05-03,0.224138,0.172414,0.137931,0.198276,0.155172,0.181034,0.215517,0.206897,0.241379,0.189655,0.181034,0.275862,0.163793,0.198276,0.215517,0.172414,0.155172,0.215517,0.181034,0.189655,0.155172,0.25,0.224138,0.155172,0.137931,0.163793,0.155172,0.163793,0.224138,0.163793,0.189655,0.163793,0.181034,0.224138,0.206897,0.215517,0.155172
第572回,2024-04-26,0.230769,0.179487,0.136752,0.205128,0.153846,0.179487,0.213675,0.205128,0.239316,0.188034,0.179487,0.273504,0.162393,0.196581,0.213675,0.17094,0.153846,0.213675,0.188034,0.188034,0.162393,0.247863,0.222222,0.153846,0.136752,0.17094,0.153846,0.17094,0.222222,0.162393,0.188034,0.162393,0.179487,0.222222,0.205128,0.213675,0.153846
第571回,2024-04-19,0.228814,0.177966,0.135593,0.20339,0.152542,0.177966,0.211864,0.20339,0.237288,0.186441,0.177966,0.271186,0.169492,0.194915,0.211864,0.169492,0.152542,0.211864,0.186441,0.186441,0.161017,0.245763,0.220339,0.152542,0.135593,0.177966,0.161017,0.169492,0.228814,0.169492,0.186441,0.161017,0.177966,0.228814,0.20339,0.211864,0.161017
第570回,2024-04-12,0.235294,0.176471,0.142857,0.201681,0.151261,0.176471,0.210084,0.201681,0.243697,0.184874,0.176471,0.277311,0.168067,0.193277,0.210084,0.168067,0.151261,0.210084,0.184874,0.184874,0.159664,0.243697,0.218487,0.151261,0.142857,0.184874,0.159664,0.168067,0.226891,0.168067,0.184874,0.159664,0.176471,0.226891,0.210084,0.210084,0.159664
第569回,2024-04-05,0.233333,0.175,0.141667,0.2,0.15,0.175,0.208333,0.2,0.241667,0.183333,0.175,0.283333,0.166667,0.191667,0.216667,0.166667,0.158333,0.208333,0.183333,0.183333,0.158333,0.25,0.216667,0.15,0.141667,0.183333,0.158333,0.166667,0.225,0.175,0.183333,0.158333,0.175,0.233333,0.216667,0.208333,0.158333
第568回,2024-03-29,0.231405,0.173554,0.140496,0.198347,0.14876,0.173554,0.206612,0.206612,0.239669,0.181818,0.173554,0.280992,0.165289,0.190083,0.214876,0.165289,0.157025,0.214876,0.181818,0.190083,0.157025,0.247934,0.214876,0.14876,0.140496,0.181818,0.157025,0.165289,0.231405,0.181818,0.181818,0.157025,0.181818,0.239669,0.214876,0.206612,0.157025
第567回,2024-03-22,0.229508,0.172131,0.139344,0.196721,0.147541,0.180328,0.204918,0.213115,0.237705,0.180328,0.172131,0.278689,0.163934,0.188525,0.213115,0.172131,0.155738,0.221311,0.188525,0.188525,0.155738,0.245902,0.213115,0.147541,0.139344,0.180328,0.155738,0.163934,0.229508,0.180328,0.180328,0.155738,0.180328,0.245902,0.213115,0.204918,0.163934
第566回,2024-03-15,0.227642,0.170732,0.146341,0.195122,0.154472,0.178862,0.203252,0.211382,0.235772,0.178862,0.170732,0.276423,0.162602,0.186992,0.211382,0.170732,0.154472,0.227642,0.186992,0.186992,0.154472,0.243902,0.211382,0.146341,0.146341,0.178862,0.154472,0.170732,0.227642,0.178862,0.178862,0.154472,0.178862,0.243902,0.219512,0.203252,0.170732
第565回,2024-03-08,0.225806,0.169355,0.153226,0.193548,0.153226,0.185484,0.201613,0.209677,0.241935,0.177419,0.177419,0.274194,0.16129,0.185484,0.209677,0.169355,0.153226,0.225806,0.193548,0.185484,0.153226,0.241935,0.209677,0.145161,0.145161,0.177419,0.153226,0.169355,0.225806,0.185484,0.177419,0.153226,0.177419,0.241935,0.217742,0.209677,0.169355
第564回,2024-03-01,0.224,0.168,0.152,0.192,0.152,0.184,0.2,0.208,0.248,0.176,0.176,0.272,0.168,0.184,0.216,0.168,0.152,0.232,0.192,0.184,0.152,0.248,0.208,0.152,0.144,0.176,0.152,0.168,0.224,0.192,0.176,0.152,0.176,0.24,0.216,0.208,0.168
第563回,2024-02-23,0.230159,0.166667,0.150794,0.198413,0.150794,0.190476,0.198413,0.206349,0.246032,0.174603,0.174603,0.269841,0.166667,0.190476,0.214286,0.174603,0.150794,0.230159,0.198413,0.18254,0.150794,0.246032,0.206349,0.150794,0.142857,0.174603,0.150794,0.166667,0.222222,0.190476,0.18254,0.150794,0.174603,0.238095,0.214286,0.206349,0.166667
第562回,2024-02-16,0.228346,0.173228,0.149606,0.19685,0.149606,0.188976,0.19685,0.204724,0.244094,0.173228,0.173228,0.267717,0.165354,0.19685,0.220472,0.173228,0.149606,0.228346,0.19685,0.188976,0.149606,0.244094,0.204724,0.149606,0.141732,0.173228,0.149606,0.173228,0.220472,0.19685,0.181102,0.149606,0.173228,0.244094,0.212598,0.204724,0.165354
第561回,2024-02-09,0.226562,0.171875,0.148438,0.195312,0.148438,0.195312,0.195312,0.210938,0.242188,0.171875,0.171875,0.265625,0.164062,0.195312,0.21875,0.171875,0.148438,0.226562,0.203125,0.195312,0.148438,0.242188,0.203125,0.148438,0.140625,0.171875,0.15625,0.171875,0.21875,0.195312,0.179688,0.15625,0.171875,0.242188,0.210938,0.203125,0.171875
第560回,2024-02-02,0.224806,0.170543,0.155039,0.193798,0.147287,0.193798,0.193798,0.209302,0.24031,0.170543,0.170543,0.263566,0.162791,0.193798,0.217054,0.170543,0.147287,0.224806,0.20155,0.20155,0.147287,0.24031,0.20155,0.147287,0.139535,0.170543,0.155039,0.170543,0.224806,0.193798,0.178295,0.162791,0.178295,0.248062,0.217054,0.20155,0.170543
第559回,2024-01-26,0.223077,0.169231,0.161538,0.2,0.146154,0.192308,0.192308,0.207692,0.238462,0.176923,0.169231,0.261538,0.169231,0.192308,0.223077,0.169231,0.146154,0.230769,0.2,0.2,0.146154,0.246154,0.2,0.146154,0.138462,0.169231,0.153846,0.169231,0.223077,0.192308,0.176923,0.161538,0.176923,0.246154,0.215385,0.2,0.169231
第558回,2024-01-19,0.221374,0.167939,0.160305,0.198473,0.145038,0.19084,0.19084,0.206107,0.236641,0.175573,0.167939,0.259542,0.167939,0.19084,0.229008,0.167939,0.145038,0.229008,0.198473,0.206107,0.152672,0.251908,0.206107,0.145038,0.137405,0.175573,0.152672,0.167939,0.221374,0.19084,0.175573,0.160305,0.175573,0.251908,0.21374,0.198473,0.167939
第557回,2024-01-12,0.219697,0.166667,0.166667,0.19697,0.151515,0.189394,0.19697,0.204545,0.234848,0.181818,0.166667,0.257576,0.166667,0.189394,0.227273,0.166667,0.151515,0.234848,0.19697,0.204545,0.151515,0.25,0.204545,0.143939,0.136364,0.174242,0.151515,0.166667,0.219697,0.189394,0.174242,0.159091,0.174242,0.25,0.219697,0.19697,0.166667
第556回,2024-01-05,0.218045,0.165414,0.165414,0.195489,0.150376,0.18797,0.195489,0.203008,0.233083,0.180451,0.165414,0.255639,0.165414,0.18797,0.225564,0.165414,0.157895,0.233083,0.195489,0.210526,0.150376,0.24812,0.203008,0.142857,0.135338,0.180451,0.150376,0.172932,0.225564,0.18797,0.172932,0.157895,0.180451,0.24812,0.225564,0.195489,0.165414
第555回,2023-12-29,0.216418,0.164179,0.164179,0.19403,0.149254,0.186567,0.19403,0.201493,0.238806,0.179104,0.164179,0.261194,0.164179,0.186567,0.223881,0.164179,0.164179,0.231343,0.201493,0.208955,0.149254,0.246269,0.201493,0.141791,0.134328,0.186567,0.149254,0.171642,0.223881,0.186567,0.171642,0.164179,0.179104,0.253731,0.223881,0.19403,0.164179
第554回,2023-12-22,0.214815,0.162963,0.162963,0.2,0.148148,0.185185,0.192593,0.2,0.237037,0.185185,0.162963,0.259259,0.162963,0.185185,0.22963,0.162963,0.17037,0.22963,0.2,0.207407,0.148148,0.244444,0.2,0.140741,0.133333,0.185185,0.148148,0.17037,0.22963,0.185185,0.17037,0.17037,0.177778,0.251852,0.222222,0.2,0.162963
第553回,2023-12-15,0.213235,0.169118,0.161765,0.198529,0.147059,0.191176,0.191176,0.198529,0.235294,0.183824,0.161765,0.257353,0.169118,0.183824,0.235294,0.169118,0.169118,0.227941,0.198529,0.213235,0.147059,0.242647,0.198529,0.139706,0.132353,0.183824,0.147059,0.169118,0.227941,0.183824,0.169118,0.169118,0.183824,0.25,0.220588,0.198529,0.161765
第552回,2023-12-08,0.211679,0.167883,0.160584,0.19708,0.145985,0.189781,0.19708,0.19708,0.233577,0.182482,0.167883,0.262774,0.167883,0.182482,0.233577,0.175182,0.167883,0.233577,0.19708,0.211679,0.145985,0.240876,0.19708,0.138686,0.131387,0.182482,0.145985,0.167883,0.226277,0.182482,0.167883,0.167883,0.189781,0.255474,0.218978,0.19708,0.160584
第551回,2023-12-01,0.210145,0.166667,0.15942,0.195652,0.144928,0.188406,0.195652,0.195652,0.231884,0.181159,0.166667,0.26087,0.166667,0.181159,0.23913,0.181159,0.173913,0.231884,0.195652,0.210145,0.144928,0.246377,0.195652,0.137681,0.130435,0.181159,0.144928,0.166667,0.231884,0.181159,0.166667,0.173913,0.188406,0.253623,0.217391,0.195652,0.166667
第550回,2023-11-24,0.208633,0.165468,0.158273,0.194245,0.143885,0.18705,0.201439,0.201439,0.230216,0.179856,0.165468,0.258993,0.172662,0.179856,0.23741,0.179856,0.172662,0.230216,0.194245,0.208633,0.143885,0.251799,0.194245,0.143885,0.129496,0.179856,0.143885,0.165468,0.23741,0.18705,0.165468,0.172662,0.18705,0.251799,0.215827,0.194245,0.165468
第549回,2023-11-17,0.207143,0.164286,0.157143,0.192857,0.142857,0.185714,0.2,0.2,0.228571,0.178571,0.164286,0.257143,0.178571,0.178571,0.235714,0.178571,0.171429,0.228571,0.2,0.214286,0.142857,0.25,0.192857,0.142857,0.128571,0.178571,0.142857,0.171429,0.235714,0.185714,0.164286,0.171429,0.192857,0.257143,0.221429,0.192857,0.164286
第548回,2023-11-10,0.212766,0.163121,0.156028,0.191489,0.141844,0.184397,0.198582,0.198582,0.22695,0.177305,0.163121,0.255319,0.184397,0.177305,0.234043,0.184397,0.177305,0.234043,0.198582,0.212766,0.141844,0.248227,0.191489,0.141844,0.134752,0.177305,0.141844,0.170213,0.234043,0.191489,0.163121,0.170213,0.191489,0.255319,0.219858,0.191489,0.163121
第547回,2023-11-03,0.211268,0.161972,0.15493,0.197183,0.140845,0.183099,0.197183,0.197183,0.225352,0.176056,0.169014,0.253521,0.183099,0.183099,0.232394,0.183099,0.176056,0.239437,0.197183,0.211268,0.140845,0.246479,0.197183,0.140845,0.140845,0.176056,0.140845,0.169014,0.239437,0.190141,0.161972,0.169014,0.190141,0.253521,0.21831,0.190141,0.161972
第546回,2023-10-27,0.20979,0.160839,0.153846,0.195804,0.13986,0.181818,0.202797,0.195804,0.223776,0.174825,0.167832,0.251748,0.181818,0.188811,0.230769,0.181818,0.181818,0.237762,0.195804,0.20979,0.13986,0.244755,0.195804,0.13986,0.13986,0.174825,0.13986,0.174825,0.237762,0.188811,0.160839,0.167832,0.195804,0.251748,0.223776,0.195804,0.160839
第545回,2023-10-20,0.208333,0.159722,0.159722,0.194444,0.138889,0.180556,0.201389,0.194444,0.222222,0.173611,0.166667,0.256944,0.180556,0.1875,0.229167,0.1875,0.1875,0.236111,0.194444,0.208333,0.138889,0.243056,0.194444,0.138889,0.138889,0.173611,0.145833,0.173611,0.236111,0.194444,0.159722,0.166667,0.194444,0.256944,0.222222,0.194444,0.159722
第544回,2023-10-13,0.206897,0.158621,0.158621,0.193103,0.137931,0.17931,0.2,0.193103,0.22069,0.17931,0.172414,0.255172,0.17931,0.186207,0.227586,0.186207,0.186207,0.241379,0.193103,0.206897,0.144828,0.248276,0.193103,0.137931,0.137931,0.172414,0.144828,0.172414,0.241379,0.193103,0.158621,0.165517,0.193103,0.262069,0.22069,0.193103,0.158621
第543回,2023-10-06,0.205479,0.164384,0.157534,0.191781,0.136986,0.178082,0.19863,0.191781,0.219178,0.178082,0.178082,0.253425,0.184932,0.184932,0.226027,0.184932,0.184932,0.246575,0.191781,0.205479,0.143836,0.246575,0.19863,0.143836,0.136986,0.171233,0.143836,0.171233,0.239726,0.191781,0.157534,0.164384,0.191781,0.260274,0.219178,0.19863,0.157534
第542回,2023-09-29,0.204082,0.170068,0.156463,0.190476,0.136054,0.176871,0.197279,0.190476,0.22449,0.176871,0.176871,0.251701,0.183673,0.183673,0.22449,0.183673,0.183673,0.244898,0.190476,0.204082,0.142857,0.244898,0.197279,0.142857,0.136054,0.176871,0.142857,0.170068,0.238095,0.190476,0.163265,0.163265,0.197279,0.258503,0.22449,0.204082,0.156463
第541回,2023-09-22,0.202703,0.168919,0.155405,0.189189,0.135135,0.182432,0.195946,0.189189,0.222973,0.175676,0.175676,0.25,0.182432,0.189189,0.222973,0.182432,0.182432,0.243243,0.189189,0.202703,0.141892,0.243243,0.202703,0.141892,0.141892,0.175676,0.148649,0.175676,0.236486,0.189189,0.162162,0.162162,0.195946,0.263514,0.222973,0.202703,0.155405
第540回,2023-09-15,0.201342,0.167785,0.161074,0.187919,0.134228,0.181208,0.201342,0.187919,0.221477,0.181208,0.174497,0.248322,0.181208,0.187919,0.221477,0.181208,0.181208,0.248322,0.194631,0.201342,0.14094,0.241611,0.201342,0.14094,0.14094,0.174497,0.147651,0.181208,0.234899,0.187919,0.161074,0.161074,0.194631,0.261745,0.221477,0.208054,0.154362
第539回,2023-09-08,0.2,0.166667,0.16,0.193333,0.133333,0.186667,0.2,0.193333,0.22,0.18,0.173333,0.246667,0.18,0.186667,0.22,0.18,0.18,0.253333,0.193333,0.206667,0.14,0.24,0.2,0.14,0.14,0.173333,0.153333,0.18,0.233333,0.186667,0.16,0.16,0.193333,0.26,0.226667,0.206667,0.153333
第538回,2023-09-01,0.205298,0.172185,0.15894,0.192053,0.13245,0.18543,0.198675,0.192053,0.218543,0.178808,0.178808,0.251656,0.178808,0.18543,0.218543,0.18543,0.178808,0.251656,0.192053,0.205298,0.139073,0.238411,0.198675,0.139073,0.145695,0.172185,0.152318,0.18543,0.231788,0.18543,0.15894,0.15894,0.192053,0.258278,0.225166,0.205298,0.152318
第537回,2023-08-25,0.203947,0.177632,0.164474,0.190789,0.131579,0.184211,0.197368,0.190789,0.223684,0.177632,0.177632,0.25,0.184211,0.190789,0.217105,0.184211,0.177632,0.25,0.190789,0.203947,0.138158,0.236842,0.197368,0.138158,0.144737,0.171053,0.151316,0.184211,0.230263,0.184211,0.157895,0.157895,0.190789,0.256579,0.230263,0.203947,0.157895
第536回,2023-08-18,0.202614,0.176471,0.163399,0.189542,0.130719,0.183007,0.196078,0.196078,0.222222,0.176471,0.176471,0.254902,0.183007,0.189542,0.215686,0.189542,0.183007,0.248366,0.189542,0.202614,0.137255,0.24183,0.196078,0.137255,0.143791,0.169935,0.150327,0.189542,0.228758,0.183007,0.156863,0.156863,0.189542,0.261438,0.228758,0.202614,0.156863
第535回,2023-08-11,0.201299,0.175325,0.162338,0.188312,0.136364,0.181818,0.194805,0.194805,0.220779,0.175325,0.181818,0.25974,0.181818,0.188312,0.214286,0.188312,0.181818,0.246753,0.194805,0.201299,0.136364,0.24026,0.194805,0.136364,0.142857,0.168831,0.149351,0.188312,0.233766,0.181818,0.155844,0.162338,0.188312,0.25974,0.227273,0.207792,0.155844
第534回,2023-08-04,0.2,0.174194,0.16129,0.187097,0.135484,0.180645,0.193548,0.193548,0.219355,0.180645,0.180645,0.258065,0.180645,0.187097,0.212903,0.187097,0.187097,0.251613,0.2,0.206452,0.135484,0.23871,0.193548,0.141935,0.148387,0.167742,0.148387,0.187097,0.232258,0.180645,0.154839,0.16129,0.187097,0.258065,0.225806,0.206452,0.154839
第533回,2023-07-28,0.198718,0.179487,0.160256,0.192308,0.134615,0.179487,0.192308,0.192308,0.224359,0.179487,0.185897,0.25641,0.179487,0.192308,0.211538,0.185897,0.185897,0.25,0.198718,0.205128,0.134615,0.237179,0.192308,0.141026,0.153846,0.166667,0.147436,0.185897,0.230769,0.179487,0.153846,0.160256,0.185897,0.25641,0.224359,0.205128,0.160256
第532回,2023-07-21,0.197452,0.178344,0.159236,0.197452,0.133758,0.178344,0.191083,0.191083,0.229299,0.178344,0.184713,0.254777,0.184713,0.191083,0.210191,0.184713,0.184713,0.254777,0.197452,0.203822,0.133758,0.235669,0.191083,0.140127,0.152866,0.171975,0.146497,0.191083,0.229299,0.178344,0.152866,0.159236,0.184713,0.254777,0.22293,0.210191,0.159236
第531回,2023-07-14,0.196203,0.177215,0.158228,0.202532,0.132911,0.183544,0.189873,0.189873,0.234177,0.177215,0.189873,0.253165,0.183544,0.196203,0.208861,0.183544,0.183544,0.253165,0.196203,0.202532,0.132911,0.234177,0.189873,0.139241,0.151899,0.170886,0.14557,0.196203,0.227848,0.183544,0.151899,0.158228,0.183544,0.253165,0.221519,0.208861,0.158228
第530回,2023-07-07,0.201258,0.176101,0.157233,0.201258,0.132075,0.18239,0.188679,0.188679,0.232704,0.176101,0.194969,0.251572,0.188679,0.194969,0.207547,0.18239,0.18239,0.251572,0.194969,0.201258,0.132075,0.232704,0.188679,0.138365,0.150943,0.169811,0.144654,0.201258,0.232704,0.188679,0.150943,0.157233,0.18239,0.257862,0.220126,0.207547,0.157233
第529回,2023-06-30,0.2,0.175,0.15625,0.2,0.13125,0.18125,0.19375,0.1875,0.2375,0.175,0.19375,0.25,0.19375,0.2,0.20625,0.18125,0.18125,0.25,0.19375,0.2,0.13125,0.2375,0.1875,0.1375,0.15,0.175,0.14375,0.2,0.2375,0.1875,0.15,0.15625,0.18125,0.25625,0.21875,0.20625,0.15625
第528回,2023-06-23,0.198758,0.173913,0.15528,0.198758,0.136646,0.180124,0.198758,0.186335,0.236025,0.180124,0.192547,0.248447,0.192547,0.198758,0.204969,0.180124,0.180124,0.248447,0.198758,0.198758,0.130435,0.236025,0.186335,0.136646,0.149068,0.173913,0.142857,0.198758,0.236025,0.192547,0.149068,0.161491,0.186335,0.254658,0.217391,0.204969,0.15528
第527回,2023-06-16,0.197531,0.17284,0.154321,0.203704,0.135802,0.179012,0.197531,0.191358,0.234568,0.179012,0.191358,0.253086,0.191358,0.197531,0.203704,0.179012,0.179012,0.246914,0.197531,0.197531,0.12963,0.234568,0.185185,0.135802,0.154321,0.17284,0.148148,0.197531,0.234568,0.191358,0.148148,0.166667,0.185185,0.259259,0.216049,0.203704,0.154321
第526回,2023-06-09,0.196319,0.171779,0.153374,0.208589,0.134969,0.177914,0.196319,0.190184,0.233129,0.177914,0.190184,0.251534,0.196319,0.196319,0.202454,0.177914,0.184049,0.245399,0.202454,0.202454,0.128834,0.233129,0.184049,0.134969,0.153374,0.177914,0.147239,0.196319,0.239264,0.190184,0.147239,0.165644,0.184049,0.257669,0.214724,0.202454,0.153374
第525回,2023-06-02,0.195122,0.170732,0.152439,0.207317,0.134146,0.176829,0.195122,0.189024,0.231707,0.176829,0.195122,0.25,0.195122,0.20122,0.20122,0.176829,0.189024,0.25,0.20122,0.20122,0.134146,0.231707,0.182927,0.134146,0.158537,0.176829,0.146341,0.195122,0.237805,0.189024,0.152439,0.164634,0.182927,0.256098,0.213415,0.20122,0.152439
第524回,2023-05-26,0.193939,0.169697,0.151515,0.212121,0.133333,0.175758,0.193939,0.187879,0.230303,0.175758,0.193939,0.248485,0.193939,0.2,0.2,0.175758,0.193939,0.248485,0.2,0.2,0.133333,0.236364,0.181818,0.133333,0.157576,0.175758,0.151515,0.193939,0.242424,0.187879,0.157576,0.163636,0.181818,0.260606,0.212121,0.2,0.151515
第523回,2023-05-19,0.192771,0.168675,0.156627,0.210843,0.13253,0.174699,0.192771,0.186747,0.228916,0.174699,0.192771,0.246988,0.192771,0.198795,0.198795,0.174699,0.198795,0.246988,0.204819,0.198795,0.13253,0.23494,0.180723,0.13253,0.156627,0.174699,0.156627,0.198795,0.240964,0.186747,0.156627,0.168675,0.180723,0.259036,0.216867,0.198795,0.150602
第522回,2023-05-12,0.197605,0.167665,0.155689,0.209581,0.131737,0.173653,0.191617,0.185629,0.227545,0.179641,0.191617,0.251497,0.191617,0.197605,0.197605,0.173653,0.197605,0.245509,0.209581,0.197605,0.131737,0.239521,0.179641,0.131737,0.161677,0.173653,0.155689,0.197605,0.239521,0.185629,0.155689,0.167665,0.179641,0.257485,0.215569,0.197605,0.155689
第521回,2023-05-05,0.196429,0.166667,0.154762,0.208333,0.130952,0.172619,0.190476,0.184524,0.22619,0.178571,0.190476,0.25,0.190476,0.196429,0.196429,0.172619,0.196429,0.244048,0.208333,0.196429,0.136905,0.238095,0.178571,0.136905,0.166667,0.172619,0.160714,0.196429,0.238095,0.190476,0.154762,0.166667,0.184524,0.255952,0.214286,0.202381,0.154762
第520回,2023-04-28,0.195266,0.16568,0.153846,0.207101,0.130178,0.171598,0.189349,0.183432,0.230769,0.177515,0.189349,0.248521,0.189349,0.195266,0.195266,0.171598,0.195266,0.242604,0.207101,0.195266,0.136095,0.242604,0.177515,0.136095,0.171598,0.171598,0.159763,0.201183,0.236686,0.189349,0.153846,0.16568,0.189349,0.260355,0.213018,0.201183,0.159763
第519回,2023-04-21,0.2,0.170588,0.152941,0.205882,0.129412,0.170588,0.188235,0.188235,0.229412,0.176471,0.188235,0.247059,0.188235,0.2,0.194118,0.170588,0.2,0.241176,0.205882,0.194118,0.141176,0.241176,0.176471,0.135294,0.170588,0.170588,0.158824,0.2,0.235294,0.188235,0.152941,0.164706,0.188235,0.264706,0.211765,0.2,0.158824
第518回,2023-04-14,0.19883,0.169591,0.152047,0.204678,0.134503,0.169591,0.187135,0.192982,0.22807,0.175439,0.192982,0.245614,0.187135,0.19883,0.192982,0.169591,0.19883,0.239766,0.204678,0.192982,0.140351,0.239766,0.175439,0.140351,0.169591,0.169591,0.157895,0.19883,0.233918,0.192982,0.152047,0.169591,0.187135,0.263158,0.210526,0.204678,0.157895
第517回,2023-04-07,0.197674,0.168605,0.156977,0.203488,0.133721,0.174419,0.186047,0.19186,0.226744,0.180233,0.19186,0.244186,0.186047,0.197674,0.19186,0.174419,0.197674,0.238372,0.203488,0.19186,0.139535,0.238372,0.174419,0.139535,0.168605,0.174419,0.156977,0.197674,0.238372,0.19186,0.156977,0.168605,0.186047,0.261628,0.209302,0.203488,0.156977
第516回,2023-03-31,0.196532,0.16763,0.156069,0.202312,0.132948,0.17341,0.190751,0.190751,0.225434,0.179191,0.190751,0.248555,0.184971,0.196532,0.196532,0.179191,0.196532,0.242775,0.202312,0.190751,0.138728,0.236994,0.17341,0.138728,0.17341,0.17341,0.156069,0.196532,0.236994,0.190751,0.156069,0.16763,0.184971,0.260116,0.208092,0.208092,0.156069
第515回,2023-03-24,0.195402,0.166667,0.16092,0.201149,0.132184,0.172414,0.189655,0.189655,0.224138,0.178161,0.189655,0.247126,0.183908,0.195402,0.201149,0.178161,0.201149,0.241379,0.201149,0.189655,0.137931,0.241379,0.172414,0.137931,0.172414,0.178161,0.16092,0.201149,0.235632,0.189655,0.155172,0.166667,0.183908,0.258621,0.206897,0.206897,0.155172
第514回,2023-03-17,0.2,0.165714,0.16,0.2,0.137143,0.171429,0.188571,0.188571,0.222857,0.182857,0.188571,0.245714,0.182857,0.194286,0.2,0.177143,0.205714,0.24,0.2,0.194286,0.137143,0.24,0.171429,0.137143,0.171429,0.177143,0.165714,0.2,0.234286,0.188571,0.154286,0.165714,0.182857,0.257143,0.205714,0.205714,0.16
第513回,2023-03-10,0.204545,0.164773,0.159091,0.204545,0.136364,0.170455,0.1875,0.1875,0.221591,0.1875,0.1875,0.244318,0.1875,0.193182,0.204545,0.176136,0.204545,0.238636,0.204545,0.193182,0.136364,0.238636,0.170455,0.136364,0.170455,0.176136,0.164773,0.198864,0.232955,0.1875,0.153409,0.164773,0.181818,0.255682,0.204545,0.204545,0.164773
第512回,2023-03-03,0.20339,0.163842,0.158192,0.20339,0.141243,0.169492,0.19209,0.186441,0.220339,0.186441,0.186441,0.242938,0.186441,0.19209,0.20339,0.175141,0.20904,0.237288,0.20339,0.19209,0.135593,0.242938,0.169492,0.135593,0.175141,0.180791,0.163842,0.20339,0.231638,0.186441,0.152542,0.163842,0.180791,0.254237,0.20339,0.20339,0.163842
第511回,2023-02-24,0.207865,0.162921,0.157303,0.202247,0.140449,0.168539,0.191011,0.185393,0.224719,0.185393,0.185393,0.241573,0.185393,0.196629,0.202247,0.174157,0.207865,0.235955,0.202247,0.191011,0.134831,0.241573,0.168539,0.140449,0.174157,0.179775,0.162921,0.207865,0.230337,0.185393,0.151685,0.162921,0.179775,0.252809,0.202247,0.207865,0.168539
第510回,2023-02-17,0.206704,0.162011,0.162011,0.201117,0.145251,0.167598,0.189944,0.184358,0.22905,0.184358,0.189944,0.240223,0.184358,0.195531,0.201117,0.173184,0.212291,0.234637,0.201117,0.189944,0.134078,0.240223,0.167598,0.139665,0.173184,0.178771,0.162011,0.206704,0.22905,0.184358,0.150838,0.162011,0.184358,0.251397,0.201117,0.206704,0.173184
第509回,2023-02-10,0.205556,0.161111,0.161111,0.2,0.144444,0.166667,0.188889,0.183333,0.227778,0.188889,0.188889,0.238889,0.183333,0.2,0.2,0.172222,0.211111,0.233333,0.2,0.188889,0.133333,0.244444,0.166667,0.138889,0.172222,0.183333,0.166667,0.205556,0.227778,0.183333,0.15,0.166667,0.188889,0.25,0.2,0.205556,0.172222
第508回,2023-02-03,0.209945,0.160221,0.160221,0.198895,0.149171,0.171271,0.187845,0.18232,0.232044,0.187845,0.187845,0.237569,0.18232,0.198895,0.198895,0.176796,0.209945,0.232044,0.198895,0.187845,0.132597,0.243094,0.165746,0.138122,0.171271,0.187845,0.165746,0.20442,0.226519,0.18232,0.154696,0.165746,0.187845,0.248619,0.198895,0.20442,0.171271
第507回,2023-01-27,0.208791,0.159341,0.159341,0.203297,0.148352,0.17033,0.186813,0.181319,0.230769,0.186813,0.186813,0.236264,0.181319,0.197802,0.197802,0.175824,0.208791,0.230769,0.203297,0.186813,0.131868,0.241758,0.164835,0.137363,0.175824,0.192308,0.164835,0.203297,0.225275,0.186813,0.153846,0.17033,0.186813,0.247253,0.197802,0.208791,0.17033
第506回,2023-01-20,0.20765,0.15847,0.15847,0.202186,0.147541,0.169399,0.185792,0.185792,0.229508,0.185792,0.185792,0.234973,0.180328,0.202186,0.196721,0.174863,0.20765,0.229508,0.20765,0.185792,0.131148,0.245902,0.163934,0.136612,0.174863,0.191257,0.163934,0.202186,0.229508,0.185792,0.15847,0.169399,0.185792,0.245902,0.196721,0.20765,0.174863
第505回,2023-01-13,0.206522,0.157609,0.157609,0.201087,0.146739,0.168478,0.184783,0.184783,0.233696,0.190217,0.184783,0.23913,0.179348,0.201087,0.201087,0.179348,0.206522,0.228261,0.206522,0.184783,0.130435,0.244565,0.163043,0.13587,0.173913,0.190217,0.163043,0.206522,0.228261,0.184783,0.157609,0.168478,0.184783,0.244565,0.195652,0.211957,0.173913
第504回,2023-01-06,0.210811,0.156757,0.162162,0.205405,0.151351,0.172973,0.183784,0.183784,0.232432,0.189189,0.183784,0.237838,0.178378,0.2,0.2,0.178378,0.205405,0.227027,0.205405,0.183784,0.12973,0.243243,0.162162,0.135135,0.172973,0.189189,0.162162,0.205405,0.232432,0.183784,0.162162,0.167568,0.183784,0.243243,0.194595,0.210811,0.172973
第503回,2022-12-30,0.209677,0.155914,0.16129,0.204301,0.155914,0.172043,0.188172,0.188172,0.231183,0.188172,0.182796,0.236559,0.182796,0.198925,0.198925,0.177419,0.204301,0.225806,0.204301,0.182796,0.129032,0.241935,0.166667,0.134409,0.172043,0.193548,0.16129,0.204301,0.231183,0.182796,0.16129,0.166667,0.188172,0.241935,0.193548,0.209677,0.172043
第502回,2022-12-23,0.213904,0.160428,0.160428,0.203209,0.15508,0.171123,0.187166,0.187166,0.229947,0.187166,0.181818,0.240642,0.181818,0.197861,0.197861,0.176471,0.208556,0.224599,0.203209,0.181818,0.13369,0.245989,0.165775,0.13369,0.171123,0.192513,0.160428,0.203209,0.229947,0.181818,0.160428,0.165775,0.192513,0.240642,0.192513,0.208556,0.171123
第501回,2022-12-16,0.218085,0.164894,0.159574,0.207447,0.154255,0.170213,0.191489,0.18617,0.228723,0.18617,0.180851,0.244681,0.180851,0.202128,0.196809,0.175532,0.207447,0.223404,0.202128,0.180851,0.132979,0.244681,0.164894,0.132979,0.170213,0.191489,0.159574,0.202128,0.228723,0.180851,0.164894,0.164894,0.191489,0.239362,0.191489,0.207447,0.170213
第500回,2022-12-09,0.216931,0.164021,0.15873,0.206349,0.153439,0.169312,0.190476,0.185185,0.227513,0.185185,0.179894,0.243386,0.179894,0.201058,0.195767,0.174603,0.21164,0.227513,0.201058,0.179894,0.132275,0.243386,0.164021,0.137566,0.169312,0.190476,0.15873,0.201058,0.227513,0.185185,0.169312,0.169312,0.190476,0.238095,0.195767,0.206349,0.169312
第499回,2022-12-02,0.215789,0.163158,0.157895,0.205263,0.157895,0.168421,0.189474,0.184211,0.231579,0.184211,0.178947,0.242105,0.178947,0.205263,0.194737,0.173684,0.210526,0.231579,0.2,0.178947,0.131579,0.242105,0.163158,0.136842,0.168421,0.189474,0.163158,0.2,0.226316,0.184211,0.168421,0.173684,0.189474,0.242105,0.194737,0.205263,0.168421
第498回,2022-11-25,0.21466,0.162304,0.157068,0.204188,0.157068,0.172775,0.188482,0.188482,0.230366,0.183246,0.17801,0.246073,0.17801,0.204188,0.193717,0.172775,0.209424,0.230366,0.198953,0.183246,0.136126,0.240838,0.162304,0.141361,0.167539,0.188482,0.162304,0.198953,0.230366,0.183246,0.167539,0.172775,0.188482,0.240838,0.193717,0.204188,0.167539
第497回,2022-11-18,0.213542,0.161458,0.15625,0.203125,0.15625,0.171875,0.1875,0.1875,0.229167,0.182292,0.177083,0.244792,0.177083,0.203125,0.192708,0.171875,0.208333,0.234375,0.197917,0.1875,0.135417,0.239583,0.161458,0.145833,0.166667,0.192708,0.166667,0.197917,0.229167,0.1875,0.166667,0.171875,0.192708,0.239583,0.192708,0.203125,0.166667
第496回,2022-11-11,0.212435,0.160622,0.15544,0.202073,0.160622,0.170984,0.186528,0.19171,0.227979,0.181347,0.176166,0.243523,0.176166,0.202073,0.196891,0.170984,0.207254,0.238342,0.196891,0.186528,0.134715,0.238342,0.160622,0.145078,0.170984,0.19171,0.170984,0.196891,0.227979,0.186528,0.165803,0.170984,0.19171,0.238342,0.19171,0.207254,0.165803
第495回,2022-11-04,0.21134,0.164948,0.154639,0.201031,0.159794,0.170103,0.185567,0.190722,0.226804,0.180412,0.175258,0.242268,0.175258,0.201031,0.195876,0.175258,0.206186,0.237113,0.201031,0.190722,0.134021,0.242268,0.159794,0.14433,0.170103,0.190722,0.170103,0.195876,0.226804,0.185567,0.164948,0.170103,0.195876,0.237113,0.190722,0.21134,0.164948
第494回,2022-10-28,0.210256,0.164103,0.153846,0.2,0.158974,0.169231,0.189744,0.189744,0.230769,0.179487,0.174359,0.246154,0.174359,0.2,0.194872,0.174359,0.205128,0.235897,0.2,0.189744,0.133333,0.246154,0.158974,0.14359,0.169231,0.189744,0.169231,0.2,0.230769,0.184615,0.164103,0.174359,0.194872,0.235897,0.189744,0.210256,0.164103
第493回,2022-10-21,0.209184,0.163265,0.153061,0.19898,0.163265,0.168367,0.188776,0.188776,0.229592,0.178571,0.173469,0.244898,0.178571,0.204082,0.193878,0.173469,0.204082,0.234694,0.19898,0.193878,0.137755,0.244898,0.158163,0.142857,0.173469,0.188776,0.168367,0.19898,0.229592,0.183673,0.168367,0.173469,0.193878,0.234694,0.188776,0.209184,0.163265
第492回,2022-10-14,0.208122,0.162437,0.152284,0.19797,0.162437,0.167513,0.192893,0.187817,0.228426,0.182741,0.172589,0.248731,0.177665,0.203046,0.19797,0.172589,0.203046,0.233503,0.19797,0.192893,0.137056,0.243655,0.162437,0.142132,0.172589,0.187817,0.167513,0.19797,0.228426,0.182741,0.172589,0.172589,0.192893,0.233503,0.187817,0.208122,0.167513
第491回,2022-10-07,0.207071,0.161616,0.156566,0.19697,0.161616,0.166667,0.191919,0.186869,0.227273,0.181818,0.171717,0.247475,0.176768,0.207071,0.19697,0.171717,0.207071,0.232323,0.19697,0.191919,0.141414,0.247475,0.161616,0.141414,0.171717,0.186869,0.166667,0.19697,0.227273,0.181818,0.171717,0.176768,0.191919,0.232323,0.191919,0.207071,0.166667
第490回,2022-09-30,0.20603,0.160804,0.155779,0.19598,0.160804,0.165829,0.190955,0.18593,0.226131,0.180905,0.170854,0.251256,0.175879,0.211055,0.19598,0.170854,0.20603,0.236181,0.19598,0.190955,0.145729,0.246231,0.165829,0.140704,0.170854,0.18593,0.165829,0.19598,0.231156,0.180905,0.170854,0.175879,0.190955,0.231156,0.190955,0.20603,0.170854
第489回,2022-09-23,0.205,0.16,0.16,0.195,0.16,0.17,0.195,0.185,0.225,0.18,0.17,0.25,0.175,0.21,0.2,0.17,0.205,0.235,0.195,0.19,0.145,0.245,0.165,0.14,0.175,0.185,0.165,0.195,0.235,0.18,0.175,0.175,0.19,0.23,0.19,0.205,0.17
第488回,2022-09-16,0.20398,0.159204,0.164179,0.19403,0.159204,0.169154,0.19403,0.18408,0.223881,0.179104,0.169154,0.248756,0.179104,0.208955,0.199005,0.174129,0.20398,0.238806,0.199005,0.19403,0.144279,0.243781,0.164179,0.139303,0.174129,0.18408,0.164179,0.19403,0.233831,0.179104,0.174129,0.174129,0.189055,0.228856,0.19403,0.20398,0.169154
第487回,2022-09-09,0.20297,0.158416,0.163366,0.193069,0.158416,0.168317,0.193069,0.183168,0.227723,0.183168,0.168317,0.247525,0.183168,0.207921,0.20297,0.173267,0.20297,0.237624,0.19802,0.193069,0.143564,0.242574,0.163366,0.138614,0.173267,0.188119,0.163366,0.193069,0.232673,0.178218,0.173267,0.173267,0.188119,0.232673,0.193069,0.20297,0.173267
第486回,2022-09-02,0.20197,0.157635,0.162562,0.192118,0.157635,0.167488,0.192118,0.187192,0.226601,0.182266,0.167488,0.246305,0.187192,0.206897,0.206897,0.172414,0.20197,0.236453,0.197044,0.192118,0.142857,0.241379,0.167488,0.142857,0.172414,0.187192,0.162562,0.192118,0.231527,0.17734,0.17734,0.172414,0.187192,0.231527,0.197044,0.20197,0.172414
第485回,2022-08-26,0.20098,0.156863,0.161765,0.196078,0.156863,0.171569,0.191176,0.186275,0.22549,0.181373,0.166667,0.245098,0.186275,0.205882,0.205882,0.171569,0.205882,0.235294,0.196078,0.196078,0.142157,0.245098,0.166667,0.147059,0.171569,0.191176,0.161765,0.191176,0.230392,0.176471,0.176471,0.171569,0.186275,0.230392,0.196078,0.20098,0.171569
第484回,2022-08-19,0.204878,0.156098,0.160976,0.2,0.156098,0.17561,0.190244,0.185366,0.229268,0.180488,0.165854,0.243902,0.190244,0.204878,0.204878,0.170732,0.204878,0.234146,0.195122,0.195122,0.141463,0.24878,0.165854,0.146341,0.170732,0.190244,0.160976,0.190244,0.229268,0.17561,0.180488,0.170732,0.185366,0.229268,0.195122,0.2,0.170732
第483回,2022-08-12,0.203883,0.160194,0.160194,0.199029,0.15534,0.174757,0.18932,0.184466,0.228155,0.179612,0.169903,0.242718,0.18932,0.203883,0.203883,0.169903,0.203883,0.23301,0.194175,0.199029,0.140777,0.247573,0.169903,0.145631,0.174757,0.18932,0.160194,0.18932,0.228155,0.174757,0.179612,0.169903,0.184466,0.228155,0.194175,0.203883,0.174757
第482回,2022-08-05,0.202899,0.164251,0.15942,0.198068,0.15942,0.173913,0.188406,0.183575,0.227053,0.178744,0.169082,0.241546,0.188406,0.207729,0.207729,0.169082,0.207729,0.231884,0.198068,0.198068,0.140097,0.246377,0.169082,0.144928,0.173913,0.188406,0.15942,0.188406,0.227053,0.173913,0.178744,0.169082,0.183575,0.227053,0.193237,0.207729,0.173913
第481回,2022-07-29,0.206731,0.163462,0.158654,0.197115,0.158654,0.173077,0.1875,0.182692,0.225962,0.182692,0.168269,0.240385,0.192308,0.211538,0.206731,0.173077,0.206731,0.230769,0.197115,0.197115,0.139423,0.245192,0.168269,0.144231,0.177885,0.1875,0.163462,0.1875,0.225962,0.173077,0.177885,0.168269,0.182692,0.225962,0.192308,0.206731,0.173077
第480回,2022-07-22,0.205742,0.162679,0.157895,0.196172,0.157895,0.172249,0.186603,0.181818,0.22488,0.186603,0.167464,0.239234,0.196172,0.210526,0.205742,0.172249,0.205742,0.229665,0.200957,0.196172,0.143541,0.244019,0.167464,0.143541,0.177033,0.191388,0.162679,0.186603,0.22488,0.177033,0.177033,0.167464,0.181818,0.22488,0.191388,0.210526,0.172249
第479回,2022-07-15,0.204762,0.161905,0.157143,0.195238,0.157143,0.171429,0.185714,0.185714,0.22381,0.185714,0.171429,0.238095,0.2,0.209524,0.204762,0.171429,0.204762,0.233333,0.2,0.195238,0.142857,0.242857,0.166667,0.147619,0.17619,0.190476,0.161905,0.185714,0.22381,0.180952,0.180952,0.166667,0.180952,0.22381,0.190476,0.209524,0.171429
第478回,2022-07-08,0.203791,0.161137,0.156398,0.194313,0.156398,0.175355,0.184834,0.189573,0.222749,0.184834,0.175355,0.236967,0.203791,0.208531,0.203791,0.175355,0.203791,0.232227,0.199052,0.199052,0.14218,0.241706,0.165877,0.146919,0.175355,0.189573,0.161137,0.184834,0.222749,0.180095,0.180095,0.170616,0.180095,0.222749,0.189573,0.208531,0.170616
第477回,2022-07-01,0.20283,0.165094,0.15566,0.193396,0.160377,0.174528,0.183962,0.188679,0.226415,0.183962,0.174528,0.235849,0.20283,0.207547,0.20283,0.174528,0.20283,0.231132,0.20283,0.198113,0.141509,0.240566,0.165094,0.146226,0.179245,0.188679,0.160377,0.183962,0.221698,0.179245,0.179245,0.174528,0.179245,0.221698,0.188679,0.207547,0.174528
第476回,2022-06-24,0.201878,0.164319,0.15493,0.197183,0.159624,0.173709,0.187793,0.187793,0.230047,0.183099,0.173709,0.234742,0.201878,0.206573,0.206573,0.173709,0.201878,0.230047,0.201878,0.197183,0.140845,0.244131,0.164319,0.150235,0.178404,0.187793,0.159624,0.183099,0.220657,0.178404,0.183099,0.173709,0.178404,0.220657,0.187793,0.206573,0.173709
第475回,2022-06-17,0.205607,0.168224,0.154206,0.196262,0.158879,0.172897,0.186916,0.186916,0.228972,0.182243,0.172897,0.233645,0.200935,0.205607,0.205607,0.172897,0.200935,0.228972,0.200935,0.196262,0.140187,0.247664,0.163551,0.154206,0.17757,0.191589,0.158879,0.182243,0.219626,0.17757,0.186916,0.172897,0.17757,0.219626,0.186916,0.205607,0.17757
第474回,2022-06-10,0.204651,0.167442,0.15814,0.195349,0.15814,0.172093,0.186047,0.186047,0.227907,0.181395,0.172093,0.232558,0.2,0.204651,0.204651,0.172093,0.204651,0.227907,0.204651,0.195349,0.144186,0.246512,0.162791,0.15814,0.176744,0.190698,0.15814,0.181395,0.218605,0.176744,0.186047,0.176744,0.176744,0.223256,0.186047,0.204651,0.176744
第473回,2022-06-03,0.203704,0.166667,0.157407,0.194444,0.157407,0.175926,0.185185,0.185185,0.226852,0.180556,0.175926,0.231481,0.199074,0.203704,0.203704,0.171296,0.203704,0.226852,0.203704,0.194444,0.148148,0.24537,0.162037,0.162037,0.175926,0.189815,0.157407,0.185185,0.217593,0.175926,0.185185,0.175926,0.180556,0.222222,0.185185,0.203704,0.180556
第472回,2022-05-27,0.202765,0.165899,0.156682,0.193548,0.16129,0.175115,0.18894,0.18894,0.225806,0.179724,0.175115,0.230415,0.198157,0.202765,0.202765,0.170507,0.202765,0.225806,0.202765,0.193548,0.147465,0.24424,0.16129,0.16129,0.175115,0.18894,0.156682,0.184332,0.21659,0.175115,0.184332,0.179724,0.184332,0.225806,0.184332,0.207373,0.179724
第471回,2022-05-20,0.201835,0.165138,0.16055,0.192661,0.165138,0.174312,0.192661,0.192661,0.224771,0.178899,0.178899,0.229358,0.197248,0.201835,0.201835,0.169725,0.201835,0.224771,0.206422,0.192661,0.146789,0.243119,0.16055,0.16055,0.174312,0.188073,0.155963,0.183486,0.215596,0.174312,0.183486,0.178899,0.183486,0.229358,0.183486,0.206422,0.178899
第470回,2022-05-13,0.200913,0.16895,0.164384,0.191781,0.164384,0.173516,0.191781,0.191781,0.228311,0.178082,0.178082,0.228311,0.196347,0.200913,0.200913,0.173516,0.200913,0.223744,0.205479,0.191781,0.146119,0.242009,0.159817,0.159817,0.173516,0.187215,0.159817,0.182648,0.214612,0.173516,0.182648,0.182648,0.182648,0.228311,0.182648,0.210046,0.178082
第469回,2022-05-06,0.204545,0.168182,0.163636,0.190909,0.163636,0.177273,0.190909,0.195455,0.227273,0.177273,0.177273,0.227273,0.2,0.2,0.2,0.177273,0.2,0.222727,0.204545,0.190909,0.145455,0.240909,0.159091,0.159091,0.172727,0.186364,0.159091,0.181818,0.213636,0.177273,0.181818,0.181818,0.186364,0.227273,0.181818,0.209091,0.177273
第468回,2022-04-29,0.20362,0.167421,0.167421,0.190045,0.162896,0.176471,0.190045,0.19457,0.226244,0.176471,0.176471,0.230769,0.199095,0.199095,0.20362,0.180995,0.199095,0.221719,0.20362,0.190045,0.144796,0.239819,0.158371,0.158371,0.176471,0.18552,0.158371,0.180995,0.217195,0.176471,0.180995,0.180995,0.18552,0.226244,0.180995,0.208145,0.180995
第467回,2022-04-22,0.202703,0.166667,0.166667,0.189189,0.162162,0.175676,0.193694,0.198198,0.225225,0.175676,0.18018,0.22973,0.202703,0.202703,0.202703,0.18018,0.198198,0.220721,0.202703,0.189189,0.144144,0.238739,0.157658,0.157658,0.175676,0.189189,0.157658,0.18018,0.216216,0.18018,0.18018,0.18018,0.184685,0.225225,0.18018,0.207207,0.18018
第466回,2022-04-15,0.201794,0.165919,0.165919,0.188341,0.165919,0.179372,0.192825,0.201794,0.224215,0.174888,0.179372,0.2287,0.201794,0.206278,0.206278,0.179372,0.197309,0.219731,0.201794,0.188341,0.143498,0.237668,0.156951,0.156951,0.179372,0.188341,0.156951,0.179372,0.219731,0.179372,0.179372,0.179372,0.183857,0.224215,0.179372,0.206278,0.179372
第465回,2022-04-08,0.205357,0.165179,0.165179,0.191964,0.169643,0.178571,0.191964,0.200893,0.223214,0.174107,0.178571,0.227679,0.205357,0.205357,0.205357,0.178571,0.196429,0.21875,0.200893,0.1875,0.142857,0.236607,0.15625,0.15625,0.178571,0.1875,0.160714,0.178571,0.21875,0.178571,0.183036,0.178571,0.183036,0.223214,0.183036,0.205357,0.178571
第464回,2022-04-01,0.204444,0.164444,0.164444,0.191111,0.168889,0.177778,0.195556,0.204444,0.222222,0.173333,0.177778,0.226667,0.208889,0.204444,0.204444,0.177778,0.2,0.217778,0.2,0.186667,0.142222,0.235556,0.155556,0.155556,0.177778,0.186667,0.16,0.177778,0.217778,0.182222,0.182222,0.182222,0.182222,0.222222,0.182222,0.208889,0.177778
第463回,2022-03-25,0.20354,0.163717,0.168142,0.190265,0.168142,0.176991,0.199115,0.20354,0.221239,0.172566,0.176991,0.225664,0.212389,0.20354,0.20354,0.181416,0.199115,0.216814,0.20354,0.185841,0.141593,0.234513,0.154867,0.159292,0.176991,0.185841,0.159292,0.176991,0.216814,0.185841,0.181416,0.181416,0.181416,0.221239,0.181416,0.207965,0.176991
第462回,2022-03-18,0.202643,0.162996,0.167401,0.189427,0.167401,0.176211,0.202643,0.202643,0.220264,0.171806,0.180617,0.22467,0.211454,0.202643,0.202643,0.180617,0.198238,0.215859,0.202643,0.185022,0.140969,0.23348,0.154185,0.162996,0.176211,0.185022,0.162996,0.176211,0.220264,0.185022,0.180617,0.180617,0.180617,0.22467,0.185022,0.207048,0.176211
第461回,2022-03-11,0.201754,0.166667,0.166667,0.188596,0.166667,0.175439,0.201754,0.201754,0.219298,0.171053,0.179825,0.223684,0.214912,0.201754,0.201754,0.179825,0.197368,0.214912,0.20614,0.184211,0.140351,0.236842,0.153509,0.162281,0.175439,0.184211,0.162281,0.175439,0.219298,0.184211,0.179825,0.184211,0.179825,0.223684,0.188596,0.20614,0.179825
第460回,2022-03-04,0.200873,0.165939,0.165939,0.187773,0.170306,0.179039,0.200873,0.200873,0.222707,0.170306,0.179039,0.222707,0.213974,0.200873,0.200873,0.179039,0.196507,0.213974,0.20524,0.183406,0.139738,0.235808,0.157205,0.161572,0.174672,0.183406,0.165939,0.179039,0.218341,0.187773,0.179039,0.183406,0.179039,0.222707,0.187773,0.20524,0.179039
第459回,2022-02-25,0.2,0.169565,0.165217,0.191304,0.169565,0.178261,0.204348,0.204348,0.221739,0.173913,0.178261,0.221739,0.213043,0.2,0.2,0.178261,0.195652,0.213043,0.204348,0.186957,0.13913,0.234783,0.156522,0.16087,0.173913,0.182609,0.165217,0.178261,0.221739,0.186957,0.178261,0.182609,0.178261,0.221739,0.186957,0.204348,0.178261
第458回,2022-02-18,0.199134,0.168831,0.164502,0.190476,0.168831,0.177489,0.207792,0.203463,0.220779,0.17316,0.181818,0.225108,0.212121,0.203463,0.199134,0.177489,0.194805,0.212121,0.207792,0.186147,0.142857,0.233766,0.155844,0.160173,0.17316,0.181818,0.164502,0.177489,0.220779,0.186147,0.177489,0.181818,0.181818,0.220779,0.186147,0.203463,0.177489
第457回,2022-02-11,0.198276,0.168103,0.163793,0.189655,0.168103,0.176724,0.211207,0.202586,0.219828,0.172414,0.181034,0.224138,0.211207,0.206897,0.198276,0.176724,0.193966,0.211207,0.211207,0.185345,0.142241,0.232759,0.155172,0.159483,0.172414,0.181034,0.168103,0.176724,0.219828,0.185345,0.181034,0.181034,0.181034,0.219828,0.189655,0.206897,0.176724
第456回,2022-02-04,0.197425,0.167382,0.16309,0.188841,0.167382,0.175966,0.2103,0.201717,0.223176,0.171674,0.180258,0.223176,0.2103,0.206009,0.201717,0.175966,0.197425,0.214592,0.2103,0.184549,0.141631,0.236052,0.154506,0.158798,0.175966,0.180258,0.167382,0.175966,0.218884,0.184549,0.184549,0.180258,0.180258,0.218884,0.188841,0.206009,0.175966
第455回,2022-01-28,0.200855,0.166667,0.162393,0.188034,0.17094,0.175214,0.209402,0.205128,0.222222,0.17094,0.179487,0.222222,0.209402,0.205128,0.205128,0.175214,0.196581,0.217949,0.209402,0.183761,0.141026,0.235043,0.153846,0.15812,0.175214,0.183761,0.166667,0.175214,0.217949,0.183761,0.183761,0.179487,0.179487,0.217949,0.188034,0.209402,0.175214
第454回,2022-01-21,0.2,0.165957,0.161702,0.187234,0.170213,0.174468,0.208511,0.208511,0.221277,0.170213,0.178723,0.221277,0.208511,0.204255,0.204255,0.174468,0.2,0.217021,0.208511,0.182979,0.144681,0.234043,0.153191,0.157447,0.174468,0.187234,0.170213,0.174468,0.221277,0.182979,0.187234,0.178723,0.178723,0.217021,0.187234,0.208511,0.174468
第453回,2022-01-14,0.199153,0.169492,0.161017,0.186441,0.169492,0.173729,0.207627,0.211864,0.220339,0.173729,0.177966,0.220339,0.207627,0.20339,0.20339,0.173729,0.199153,0.216102,0.207627,0.182203,0.148305,0.233051,0.152542,0.161017,0.173729,0.190678,0.169492,0.173729,0.220339,0.182203,0.186441,0.177966,0.177966,0.216102,0.190678,0.207627,0.173729
第452回,2022-01-07,0.198312,0.168776,0.160338,0.185654,0.172996,0.172996,0.206751,0.21097,0.219409,0.172996,0.177215,0.219409,0.206751,0.202532,0.202532,0.172996,0.202532,0.21519,0.206751,0.185654,0.151899,0.232068,0.151899,0.160338,0.172996,0.189873,0.168776,0.172996,0.219409,0.181435,0.189873,0.177215,0.177215,0.219409,0.194093,0.206751,0.172996
第451回,2021-12-24,0.197479,0.172269,0.159664,0.184874,0.172269,0.172269,0.205882,0.210084,0.218487,0.172269,0.176471,0.218487,0.205882,0.201681,0.205882,0.172269,0.201681,0.214286,0.205882,0.184874,0.151261,0.235294,0.151261,0.159664,0.176471,0.189076,0.168067,0.176471,0.218487,0.180672,0.189076,0.176471,0.180672,0.218487,0.193277,0.205882,0.176471
第450回,2021-12-17,0.196653,0.175732,0.158996,0.1841,0.171548,0.171548,0.209205,0.209205,0.217573,0.171548,0.175732,0.221757,0.205021,0.200837,0.209205,0.171548,0.200837,0.213389,0.205021,0.1841,0.154812,0.23431,0.154812,0.158996,0.175732,0.188285,0.167364,0.175732,0.217573,0.1841,0.188285,0.175732,0.179916,0.217573,0.192469,0.205021,0.175732
第449回,2021-12-10,0.195833,0.179167,0.158333,0.183333,0.170833,0.170833,0.208333,0.208333,0.216667,0.170833,0.175,0.220833,0.204167,0.2,0.208333,0.170833,0.2,0.2125,0.204167,0.183333,0.158333,0.233333,0.154167,0.158333,0.175,0.191667,0.170833,0.175,0.216667,0.183333,0.1875,0.179167,0.183333,0.220833,0.191667,0.204167,0.175
第448回,2021-12-03,0.195021,0.178423,0.157676,0.182573,0.170124,0.170124,0.211618,0.207469,0.215768,0.170124,0.174274,0.219917,0.20332,0.19917,0.207469,0.170124,0.19917,0.211618,0.20332,0.182573,0.161826,0.232365,0.153527,0.161826,0.174274,0.190871,0.170124,0.174274,0.219917,0.182573,0.186722,0.182573,0.182573,0.219917,0.190871,0.207469,0.178423
第447回,2021-11-26,0.194215,0.177686,0.161157,0.181818,0.173554,0.169421,0.210744,0.210744,0.214876,0.169421,0.173554,0.219008,0.206612,0.198347,0.206612,0.169421,0.198347,0.210744,0.202479,0.181818,0.161157,0.231405,0.152893,0.161157,0.173554,0.194215,0.169421,0.173554,0.219008,0.18595,0.18595,0.181818,0.181818,0.219008,0.190083,0.206612,0.181818
第446回,2021-11-19,0.197531,0.176955,0.160494,0.18107,0.17284,0.168724,0.213992,0.209877,0.218107,0.168724,0.17284,0.222222,0.205761,0.197531,0.209877,0.168724,0.197531,0.209877,0.201646,0.18107,0.160494,0.230453,0.152263,0.160494,0.17284,0.193416,0.168724,0.17284,0.222222,0.185185,0.185185,0.185185,0.18107,0.218107,0.1893,0.205761,0.18107
第445回,2021-11-12,0.196721,0.17623,0.159836,0.184426,0.172131,0.168033,0.213115,0.209016,0.217213,0.168033,0.172131,0.221311,0.204918,0.196721,0.209016,0.168033,0.196721,0.209016,0.20082,0.180328,0.159836,0.233607,0.151639,0.159836,0.17623,0.192623,0.172131,0.17623,0.221311,0.188525,0.184426,0.184426,0.184426,0.217213,0.188525,0.204918,0.180328
第444回,2021-11-05,0.195918,0.17551,0.159184,0.183673,0.171429,0.167347,0.212245,0.208163,0.216327,0.167347,0.17551,0.220408,0.204082,0.195918,0.212245,0.171429,0.2,0.212245,0.2,0.179592,0.159184,0.232653,0.15102,0.159184,0.17551,0.191837,0.17551,0.17551,0.22449,0.187755,0.183673,0.183673,0.183673,0.216327,0.187755,0.204082,0.179592
第443回,2021-10-29,0.199187,0.174797,0.158537,0.182927,0.174797,0.166667,0.211382,0.211382,0.215447,0.166667,0.174797,0.219512,0.203252,0.195122,0.211382,0.170732,0.199187,0.211382,0.199187,0.178862,0.158537,0.231707,0.150407,0.158537,0.174797,0.195122,0.174797,0.178862,0.223577,0.186992,0.182927,0.186992,0.182927,0.215447,0.186992,0.207317,0.178862
第442回,2021-10-22,0.198381,0.174089,0.157895,0.182186,0.174089,0.17004,0.210526,0.210526,0.214575,0.165992,0.174089,0.218623,0.206478,0.198381,0.210526,0.174089,0.198381,0.210526,0.202429,0.178138,0.157895,0.230769,0.149798,0.157895,0.174089,0.194332,0.174089,0.178138,0.222672,0.190283,0.182186,0.190283,0.182186,0.214575,0.186235,0.206478,0.178138
第441回,2021-10-15,0.197581,0.173387,0.157258,0.181452,0.173387,0.169355,0.209677,0.209677,0.21371,0.165323,0.173387,0.217742,0.205645,0.197581,0.21371,0.173387,0.197581,0.209677,0.201613,0.177419,0.16129,0.233871,0.153226,0.157258,0.173387,0.193548,0.177419,0.181452,0.221774,0.189516,0.181452,0.189516,0.181452,0.21371,0.185484,0.205645,0.181452
第440回,2021-10-08,0.196787,0.172691,0.156627,0.180723,0.176707,0.168675,0.208835,0.208835,0.212851,0.168675,0.172691,0.216867,0.204819,0.196787,0.212851,0.172691,0.200803,0.212851,0.204819,0.176707,0.160643,0.236948,0.15261,0.156627,0.172691,0.192771,0.176707,0.180723,0.220884,0.188755,0.180723,0.192771,0.180723,0.212851,0.184739,0.204819,0.180723
第439回,2021-10-01,0.2,0.172,0.16,0.18,0.176,0.172,0.208,0.208,0.216,0.168,0.172,0.216,0.204,0.196,0.212,0.172,0.2,0.212,0.204,0.176,0.16,0.236,0.152,0.156,0.172,0.196,0.176,0.18,0.224,0.188,0.184,0.192,0.18,0.212,0.184,0.204,0.18
第438回,2021-09-24,0.199203,0.171315,0.159363,0.183267,0.175299,0.171315,0.207171,0.207171,0.215139,0.167331,0.171315,0.215139,0.207171,0.195219,0.211155,0.175299,0.199203,0.211155,0.203187,0.175299,0.163347,0.23506,0.151394,0.155378,0.171315,0.195219,0.175299,0.179283,0.223108,0.187251,0.183267,0.195219,0.179283,0.215139,0.183267,0.203187,0.183267
第437回,2021-09-17,0.198413,0.170635,0.15873,0.18254,0.174603,0.170635,0.206349,0.210317,0.214286,0.170635,0.170635,0.214286,0.206349,0.198413,0.214286,0.174603,0.198413,0.210317,0.202381,0.174603,0.162698,0.234127,0.154762,0.154762,0.174603,0.198413,0.174603,0.178571,0.222222,0.186508,0.18254,0.194444,0.178571,0.214286,0.18254,0.202381,0.18254
第436回,2021-09-10,0.197628,0.16996,0.158103,0.181818,0.177866,0.173913,0.205534,0.209486,0.213439,0.16996,0.16996,0.213439,0.205534,0.197628,0.213439,0.173913,0.197628,0.209486,0.201581,0.173913,0.166008,0.237154,0.15415,0.15415,0.173913,0.201581,0.173913,0.177866,0.221344,0.185771,0.185771,0.197628,0.177866,0.213439,0.181818,0.201581,0.181818
第435回,2021-09-03,0.19685,0.169291,0.161417,0.181102,0.181102,0.173228,0.208661,0.208661,0.212598,0.169291,0.173228,0.212598,0.204724,0.19685,0.216535,0.173228,0.200787,0.208661,0.200787,0.173228,0.165354,0.23622,0.153543,0.153543,0.177165,0.200787,0.173228,0.177165,0.220472,0.185039,0.185039,0.19685,0.177165,0.212598,0.181102,0.200787,0.181102
第434回,2021-08-27,0.196078,0.168627,0.160784,0.180392,0.180392,0.172549,0.207843,0.207843,0.211765,0.172549,0.176471,0.215686,0.203922,0.196078,0.215686,0.172549,0.203922,0.207843,0.2,0.172549,0.164706,0.235294,0.152941,0.152941,0.176471,0.2,0.172549,0.176471,0.223529,0.184314,0.184314,0.196078,0.176471,0.215686,0.180392,0.2,0.184314
第433回,2021-08-20,0.195312,0.167969,0.160156,0.179688,0.179688,0.171875,0.207031,0.207031,0.210938,0.171875,0.175781,0.214844,0.203125,0.199219,0.214844,0.171875,0.207031,0.207031,0.199219,0.175781,0.164062,0.234375,0.152344,0.152344,0.179688,0.199219,0.171875,0.175781,0.222656,0.183594,0.183594,0.199219,0.179688,0.214844,0.179688,0.203125,0.183594
第432回,2021-08-13,0.194553,0.167315,0.159533,0.178988,0.182879,0.171206,0.206226,0.206226,0.210117,0.175097,0.175097,0.214008,0.206226,0.198444,0.214008,0.171206,0.206226,0.206226,0.198444,0.175097,0.163424,0.233463,0.151751,0.155642,0.178988,0.198444,0.171206,0.175097,0.225681,0.18677,0.182879,0.198444,0.178988,0.214008,0.182879,0.202335,0.182879
第431回,2021-08-06,0.193798,0.166667,0.158915,0.178295,0.182171,0.170543,0.209302,0.205426,0.209302,0.174419,0.178295,0.217054,0.205426,0.197674,0.213178,0.170543,0.209302,0.205426,0.20155,0.178295,0.162791,0.232558,0.151163,0.155039,0.178295,0.20155,0.170543,0.174419,0.224806,0.186047,0.182171,0.197674,0.178295,0.213178,0.182171,0.20155,0.182171
第430回,2021-07-30,0.19305,0.169884,0.158301,0.177606,0.181467,0.169884,0.208494,0.204633,0.208494,0.173745,0.177606,0.220077,0.204633,0.196911,0.212355,0.169884,0.212355,0.204633,0.200772,0.177606,0.162162,0.23166,0.150579,0.158301,0.177606,0.200772,0.169884,0.177606,0.223938,0.189189,0.181467,0.200772,0.177606,0.212355,0.181467,0.200772,0.181467
第429回,2021-07-23,0.192308,0.169231,0.157692,0.176923,0.180769,0.173077,0.207692,0.203846,0.207692,0.173077,0.180769,0.219231,0.203846,0.2,0.211538,0.169231,0.211538,0.203846,0.2,0.176923,0.161538,0.230769,0.15,0.157692,0.176923,0.2,0.173077,0.176923,0.223077,0.192308,0.180769,0.203846,0.176923,0.211538,0.184615,0.2,0.180769
第428回,2021-07-16,0.191571,0.168582,0.16092,0.176245,0.180077,0.176245,0.206897,0.203065,0.206897,0.172414,0.180077,0.218391,0.203065,0.199234,0.210728,0.172414,0.210728,0.203065,0.199234,0.176245,0.16092,0.233716,0.149425,0.157088,0.176245,0.199234,0.172414,0.176245,0.222222,0.191571,0.183908,0.203065,0.176245,0.214559,0.187739,0.199234,0.180077
第427回,2021-07-09,0.19084,0.167939,0.160305,0.175573,0.179389,0.175573,0.206107,0.20229,0.206107,0.171756,0.183206,0.217557,0.206107,0.198473,0.209924,0.171756,0.209924,0.20229,0.198473,0.175573,0.160305,0.232824,0.148855,0.156489,0.175573,0.20229,0.175573,0.175573,0.221374,0.19084,0.187023,0.20229,0.179389,0.21374,0.187023,0.198473,0.183206
第426回,2021-07-02,0.193916,0.171103,0.159696,0.174905,0.178707,0.178707,0.205323,0.205323,0.205323,0.171103,0.18251,0.21673,0.205323,0.197719,0.209125,0.171103,0.209125,0.201521,0.197719,0.174905,0.159696,0.231939,0.148289,0.155894,0.174905,0.201521,0.174905,0.174905,0.220532,0.193916,0.190114,0.201521,0.18251,0.212928,0.186312,0.197719,0.18251
第425回,2021-06-25,0.193182,0.174242,0.159091,0.174242,0.17803,0.17803,0.204545,0.204545,0.208333,0.170455,0.181818,0.215909,0.204545,0.200758,0.208333,0.170455,0.208333,0.200758,0.19697,0.17803,0.159091,0.234848,0.147727,0.155303,0.174242,0.200758,0.174242,0.174242,0.219697,0.193182,0.189394,0.200758,0.181818,0.215909,0.189394,0.19697,0.181818
第424回,2021-06-18,0.192453,0.173585,0.158491,0.173585,0.181132,0.181132,0.203774,0.203774,0.207547,0.169811,0.181132,0.218868,0.203774,0.2,0.207547,0.169811,0.207547,0.2,0.2,0.177358,0.158491,0.233962,0.14717,0.154717,0.177358,0.2,0.173585,0.173585,0.218868,0.196226,0.188679,0.2,0.181132,0.215094,0.192453,0.196226,0.181132
第423回,2021-06-11,0.195489,0.172932,0.157895,0.172932,0.180451,0.180451,0.206767,0.203008,0.210526,0.169173,0.184211,0.218045,0.203008,0.199248,0.206767,0.169173,0.206767,0.199248,0.199248,0.176692,0.157895,0.233083,0.146617,0.154135,0.176692,0.199248,0.172932,0.172932,0.221805,0.195489,0.191729,0.203008,0.180451,0.214286,0.191729,0.195489,0.180451
第422回,2021-06-04,0.198502,0.172285,0.157303,0.172285,0.179775,0.179775,0.205993,0.202247,0.213483,0.168539,0.183521,0.217228,0.202247,0.198502,0.205993,0.168539,0.205993,0.198502,0.198502,0.17603,0.161049,0.23221,0.149813,0.153558,0.17603,0.198502,0.172285,0.172285,0.220974,0.198502,0.191011,0.202247,0.179775,0.213483,0.194757,0.198502,0.179775
第421回,2021-05-28,0.197761,0.171642,0.156716,0.171642,0.179104,0.179104,0.205224,0.201493,0.216418,0.16791,0.182836,0.216418,0.201493,0.197761,0.208955,0.16791,0.205224,0.201493,0.197761,0.175373,0.160448,0.231343,0.149254,0.152985,0.175373,0.201493,0.171642,0.175373,0.220149,0.197761,0.190299,0.205224,0.179104,0.212687,0.19403,0.197761,0.182836
第420回,2021-05-21,0.197026,0.171004,0.156134,0.174721,0.182156,0.178439,0.204461,0.200743,0.215613,0.167286,0.185874,0.215613,0.204461,0.197026,0.208178,0.167286,0.204461,0.200743,0.197026,0.174721,0.159851,0.230483,0.148699,0.156134,0.174721,0.200743,0.171004,0.174721,0.219331,0.197026,0.189591,0.208178,0.178439,0.215613,0.193309,0.197026,0.182156
第419回,2021-05-14,0.196296,0.17037,0.159259,0.174074,0.181481,0.177778,0.203704,0.2,0.214815,0.166667,0.188889,0.214815,0.203704,0.2,0.207407,0.166667,0.203704,0.2,0.196296,0.174074,0.162963,0.22963,0.148148,0.155556,0.174074,0.203704,0.17037,0.174074,0.222222,0.196296,0.188889,0.207407,0.177778,0.218519,0.192593,0.196296,0.181481
第418回,2021-05-07,0.195572,0.169742,0.158672,0.173432,0.180812,0.177122,0.202952,0.199262,0.214022,0.169742,0.188192,0.214022,0.206642,0.199262,0.206642,0.166052,0.206642,0.202952,0.195572,0.173432,0.162362,0.232472,0.147601,0.154982,0.173432,0.202952,0.169742,0.177122,0.221402,0.195572,0.188192,0.206642,0.177122,0.217712,0.191882,0.195572,0.184502
第417回,2021-04-30,0.194853,0.169118,0.158088,0.176471,0.183824,0.176471,0.202206,0.198529,0.213235,0.169118,0.1875,0.213235,0.209559,0.198529,0.205882,0.165441,0.205882,0.205882,0.194853,0.172794,0.161765,0.231618,0.150735,0.154412,0.172794,0.202206,0.172794,0.176471,0.220588,0.194853,0.1875,0.209559,0.176471,0.216912,0.191176,0.194853,0.183824
第416回,2021-04-23,0.194139,0.168498,0.157509,0.175824,0.18315,0.175824,0.201465,0.201465,0.216117,0.172161,0.186813,0.212454,0.208791,0.197802,0.208791,0.168498,0.205128,0.205128,0.194139,0.172161,0.161172,0.230769,0.150183,0.153846,0.172161,0.201465,0.172161,0.175824,0.21978,0.197802,0.190476,0.208791,0.175824,0.216117,0.190476,0.194139,0.18315
第415回,2021-04-16,0.193431,0.167883,0.156934,0.178832,0.182482,0.175182,0.20073,0.20438,0.215328,0.171533,0.186131,0.215328,0.211679,0.19708,0.208029,0.167883,0.20438,0.20438,0.193431,0.171533,0.160584,0.229927,0.153285,0.153285,0.171533,0.20073,0.171533,0.175182,0.218978,0.19708,0.189781,0.211679,0.175182,0.215328,0.189781,0.193431,0.186131
第414回,2021-04-09,0.192727,0.167273,0.16,0.178182,0.181818,0.174545,0.2,0.207273,0.214545,0.170909,0.185455,0.214545,0.210909,0.196364,0.207273,0.170909,0.203636,0.203636,0.192727,0.170909,0.163636,0.229091,0.152727,0.152727,0.174545,0.2,0.170909,0.174545,0.218182,0.196364,0.189091,0.210909,0.174545,0.214545,0.189091,0.196364,0.189091
第413回,2021-04-02,0.192029,0.166667,0.163043,0.177536,0.181159,0.173913,0.199275,0.206522,0.213768,0.173913,0.184783,0.213768,0.210145,0.195652,0.206522,0.173913,0.202899,0.206522,0.195652,0.17029,0.163043,0.228261,0.152174,0.152174,0.173913,0.199275,0.17029,0.173913,0.217391,0.195652,0.188406,0.210145,0.173913,0.217391,0.192029,0.195652,0.188406
第412回,2021-03-26,0.191336,0.166065,0.162455,0.176895,0.180505,0.173285,0.198556,0.205776,0.212996,0.173285,0.184116,0.212996,0.209386,0.198556,0.205776,0.173285,0.202166,0.205776,0.194946,0.173285,0.162455,0.231047,0.151625,0.151625,0.173285,0.198556,0.169675,0.173285,0.220217,0.194946,0.191336,0.209386,0.176895,0.220217,0.191336,0.194946,0.187726
第411回,2021-03-19,0.190647,0.165468,0.161871,0.179856,0.179856,0.172662,0.197842,0.205036,0.21223,0.172662,0.18705,0.215827,0.208633,0.197842,0.205036,0.172662,0.201439,0.205036,0.194245,0.172662,0.165468,0.230216,0.154676,0.151079,0.172662,0.197842,0.172662,0.172662,0.219424,0.194245,0.190647,0.208633,0.176259,0.219424,0.190647,0.197842,0.18705
第410回,2021-03-12,0.193548,0.168459,0.16129,0.179211,0.179211,0.172043,0.197133,0.204301,0.21147,0.172043,0.18638,0.215054,0.207885,0.197133,0.204301,0.172043,0.200717,0.207885,0.193548,0.172043,0.168459,0.229391,0.154122,0.150538,0.172043,0.200717,0.172043,0.172043,0.222222,0.193548,0.189964,0.207885,0.175627,0.218638,0.189964,0.197133,0.189964
第409回,2021-03-05,0.192857,0.167857,0.160714,0.178571,0.178571,0.171429,0.196429,0.203571,0.210714,0.171429,0.185714,0.214286,0.210714,0.196429,0.207143,0.175,0.2,0.207143,0.192857,0.171429,0.167857,0.228571,0.153571,0.153571,0.171429,0.2,0.171429,0.171429,0.221429,0.196429,0.192857,0.207143,0.175,0.217857,0.189286,0.196429,0.192857
第408回,2021-02-26,0.192171,0.16726,0.160142,0.177936,0.177936,0.170819,0.19573,0.202847,0.209964,0.170819,0.185053,0.213523,0.209964,0.19573,0.206406,0.177936,0.199288,0.209964,0.19573,0.170819,0.170819,0.227758,0.153025,0.153025,0.170819,0.199288,0.170819,0.170819,0.224199,0.199288,0.192171,0.206406,0.174377,0.217082,0.192171,0.19573,0.192171
第407回,2021-02-19,0.191489,0.166667,0.159574,0.177305,0.177305,0.170213,0.195035,0.202128,0.20922,0.170213,0.184397,0.212766,0.20922,0.195035,0.205674,0.177305,0.198582,0.20922,0.198582,0.170213,0.173759,0.22695,0.152482,0.152482,0.173759,0.202128,0.170213,0.173759,0.223404,0.202128,0.195035,0.205674,0.173759,0.216312,0.191489,0.195035,0.191489
第406回,2021-02-12,0.194346,0.169611,0.159011,0.176678,0.180212,0.169611,0.194346,0.201413,0.208481,0.169611,0.183746,0.212014,0.208481,0.194346,0.204947,0.180212,0.19788,0.212014,0.19788,0.169611,0.176678,0.226148,0.151943,0.151943,0.173145,0.201413,0.169611,0.173145,0.226148,0.201413,0.194346,0.204947,0.173145,0.215548,0.190813,0.194346,0.190813
第405回,2021-02-05,0.193662,0.169014,0.161972,0.176056,0.179577,0.169014,0.193662,0.200704,0.207746,0.172535,0.183099,0.211268,0.207746,0.193662,0.204225,0.183099,0.200704,0.211268,0.197183,0.169014,0.176056,0.225352,0.151408,0.15493,0.172535,0.200704,0.169014,0.172535,0.225352,0.200704,0.193662,0.207746,0.172535,0.214789,0.190141,0.197183,0.190141
第404回,2021-01-29,0.192982,0.168421,0.161404,0.178947,0.178947,0.168421,0.192982,0.203509,0.207018,0.17193,0.182456,0.210526,0.210526,0.192982,0.203509,0.185965,0.2,0.210526,0.196491,0.168421,0.175439,0.224561,0.150877,0.154386,0.175439,0.2,0.168421,0.17193,0.224561,0.203509,0.192982,0.210526,0.17193,0.214035,0.189474,0.196491,0.189474
第403回,2021-01-22,0.192308,0.171329,0.160839,0.178322,0.178322,0.171329,0.192308,0.206294,0.206294,0.171329,0.181818,0.213287,0.20979,0.192308,0.202797,0.185315,0.199301,0.20979,0.199301,0.171329,0.174825,0.223776,0.15035,0.153846,0.174825,0.199301,0.167832,0.171329,0.227273,0.202797,0.192308,0.20979,0.171329,0.213287,0.188811,0.195804,0.188811
第402回,2021-01-15,0.191638,0.170732,0.160279,0.1777,0.1777,0.170732,0.195122,0.205575,0.209059,0.170732,0.181185,0.216028,0.209059,0.191638,0.202091,0.184669,0.202091,0.209059,0.198606,0.174216,0.174216,0.222997,0.149826,0.15331,0.174216,0.202091,0.167247,0.170732,0.229965,0.202091,0.191638,0.209059,0.170732,0.212544,0.188153,0.195122,0.188153
第401回,2021-01-08,0.190972,0.170139,0.159722,0.180556,0.180556,0.170139,0.194444,0.204861,0.211806,0.170139,0.180556,0.215278,0.208333,0.194444,0.201389,0.184028,0.201389,0.211806,0.197917,0.173611,0.173611,0.222222,0.149306,0.152778,0.173611,0.201389,0.166667,0.170139,0.229167,0.204861,0.190972,0.208333,0.170139,0.211806,0.190972,0.194444,0.1875
第400回,2020-12-25,0.190311,0.16955,0.15917,0.183391,0.179931,0.16955,0.193772,0.204152,0.211073,0.16955,0.179931,0.214533,0.207612,0.193772,0.200692,0.183391,0.204152,0.211073,0.197232,0.17301,0.17301,0.224913,0.148789,0.152249,0.17301,0.200692,0.16609,0.17301,0.228374,0.207612,0.193772,0.207612,0.16955,0.211073,0.193772,0.193772,0.186851
第399回,2020-12-18,0.189655,0.168966,0.158621,0.182759,0.17931,0.168966,0.196552,0.203448,0.210345,0.168966,0.17931,0.213793,0.206897,0.193103,0.203448,0.182759,0.203448,0.210345,0.2,0.175862,0.175862,0.224138,0.148276,0.151724,0.172414,0.2,0.165517,0.172414,0.227586,0.206897,0.193103,0.206897,0.172414,0.210345,0.193103,0.196552,0.186207
第398回,2020-12-11,0.189003,0.168385,0.161512,0.185567,0.178694,0.168385,0.195876,0.202749,0.209622,0.171821,0.178694,0.213058,0.206186,0.19244,0.202749,0.182131,0.206186,0.209622,0.199313,0.178694,0.175258,0.226804,0.147766,0.151203,0.171821,0.199313,0.164948,0.171821,0.226804,0.206186,0.19244,0.206186,0.175258,0.209622,0.19244,0.195876,0.185567
第397回,2020-12-04,0.188356,0.167808,0.160959,0.188356,0.178082,0.167808,0.195205,0.202055,0.208904,0.171233,0.178082,0.215753,0.208904,0.191781,0.205479,0.181507,0.205479,0.208904,0.19863,0.178082,0.178082,0.226027,0.14726,0.150685,0.171233,0.19863,0.164384,0.174658,0.226027,0.205479,0.191781,0.205479,0.174658,0.208904,0.191781,0.195205,0.188356
第396回,2020-11-27,0.187713,0.170648,0.163823,0.187713,0.180887,0.167235,0.194539,0.204778,0.208191,0.170648,0.177474,0.215017,0.208191,0.191126,0.204778,0.1843,0.204778,0.208191,0.197952,0.180887,0.177474,0.225256,0.146758,0.150171,0.170648,0.197952,0.163823,0.174061,0.225256,0.204778,0.191126,0.204778,0.174061,0.211604,0.191126,0.194539,0.187713
第395回,2020-11-20,0.190476,0.173469,0.163265,0.187075,0.183673,0.166667,0.193878,0.204082,0.207483,0.170068,0.176871,0.214286,0.207483,0.190476,0.204082,0.183673,0.204082,0.207483,0.197279,0.183673,0.176871,0.22449,0.146259,0.14966,0.170068,0.20068,0.163265,0.173469,0.227891,0.204082,0.190476,0.207483,0.173469,0.210884,0.190476,0.193878,0.187075
第394回,2020-11-13,0.189831,0.172881,0.162712,0.186441,0.183051,0.169492,0.19322,0.20339,0.20678,0.172881,0.176271,0.213559,0.20678,0.189831,0.20339,0.183051,0.20339,0.20678,0.19661,0.183051,0.176271,0.227119,0.149153,0.149153,0.169492,0.2,0.166102,0.172881,0.227119,0.20339,0.189831,0.210169,0.176271,0.210169,0.189831,0.19322,0.186441
第393回,2020-11-06,0.189189,0.172297,0.162162,0.185811,0.182432,0.168919,0.195946,0.202703,0.206081,0.172297,0.175676,0.212838,0.206081,0.192568,0.206081,0.182432,0.202703,0.206081,0.195946,0.182432,0.175676,0.22973,0.148649,0.148649,0.168919,0.199324,0.168919,0.172297,0.226351,0.206081,0.192568,0.209459,0.175676,0.209459,0.189189,0.192568,0.185811
第392回,2020-10-30,0.191919,0.171717,0.161616,0.188552,0.181818,0.171717,0.195286,0.20202,0.205387,0.171717,0.175084,0.212121,0.205387,0.191919,0.208754,0.181818,0.20202,0.205387,0.195286,0.185185,0.175084,0.232323,0.148148,0.148148,0.16835,0.20202,0.16835,0.171717,0.225589,0.205387,0.191919,0.208754,0.175084,0.208754,0.188552,0.191919,0.185185
第391回,2020-10-23,0.191275,0.171141,0.161074,0.187919,0.181208,0.171141,0.194631,0.201342,0.204698,0.174497,0.174497,0.211409,0.204698,0.191275,0.208054,0.181208,0.201342,0.204698,0.194631,0.184564,0.174497,0.231544,0.151007,0.147651,0.167785,0.201342,0.171141,0.171141,0.224832,0.204698,0.191275,0.211409,0.177852,0.208054,0.191275,0.191275,0.187919
第390回,2020-10-16,0.190635,0.170569,0.16388,0.187291,0.180602,0.173913,0.19398,0.200669,0.204013,0.173913,0.173913,0.210702,0.204013,0.190635,0.207358,0.180602,0.200669,0.204013,0.197324,0.183946,0.177258,0.230769,0.153846,0.147157,0.167224,0.204013,0.173913,0.170569,0.22408,0.204013,0.190635,0.210702,0.177258,0.207358,0.190635,0.190635,0.187291
第389回,2020-10-09,0.193333,0.17,0.163333,0.186667,0.18,0.176667,0.193333,0.2,0.203333,0.173333,0.176667,0.21,0.206667,0.19,0.206667,0.18,0.2,0.206667,0.196667,0.183333,0.176667,0.23,0.153333,0.15,0.166667,0.203333,0.176667,0.17,0.223333,0.203333,0.19,0.21,0.176667,0.206667,0.19,0.19,0.186667
第388回,2020-10-02,0.196013,0.169435,0.162791,0.186047,0.179402,0.179402,0.192691,0.202658,0.202658,0.17608,0.17608,0.209302,0.20598,0.189369,0.20598,0.179402,0.199336,0.209302,0.196013,0.182724,0.179402,0.229236,0.152824,0.149502,0.166113,0.202658,0.17608,0.169435,0.222591,0.202658,0.189369,0.212625,0.17608,0.20598,0.189369,0.189369,0.186047
第387回,2020-09-25,0.195364,0.168874,0.165563,0.18543,0.178808,0.178808,0.195364,0.201987,0.201987,0.175497,0.175497,0.208609,0.208609,0.188742,0.205298,0.178808,0.198675,0.208609,0.195364,0.182119,0.178808,0.231788,0.152318,0.149007,0.165563,0.201987,0.175497,0.168874,0.221854,0.205298,0.188742,0.215232,0.175497,0.205298,0.188742,0.188742,0.188742
第386回,2020-09-18,0.194719,0.168317,0.165017,0.184818,0.178218,0.178218,0.194719,0.20132,0.20462,0.174917,0.174917,0.207921,0.207921,0.188119,0.20462,0.178218,0.19802,0.207921,0.19802,0.181518,0.178218,0.234323,0.151815,0.148515,0.165017,0.20132,0.174917,0.168317,0.221122,0.20462,0.188119,0.217822,0.174917,0.20462,0.191419,0.191419,0.191419
第385回,2020-09-11,0.194079,0.167763,0.164474,0.1875,0.177632,0.177632,0.194079,0.200658,0.203947,0.174342,0.174342,0.210526,0.207237,0.190789,0.203947,0.177632,0.197368,0.207237,0.197368,0.180921,0.177632,0.233553,0.151316,0.151316,0.164474,0.200658,0.174342,0.167763,0.223684,0.203947,0.1875,0.217105,0.174342,0.207237,0.194079,0.190789,0.190789
第384回,2020-09-04,0.193443,0.167213,0.167213,0.186885,0.177049,0.177049,0.196721,0.2,0.203279,0.17377,0.17377,0.209836,0.206557,0.190164,0.206557,0.177049,0.196721,0.209836,0.196721,0.180328,0.177049,0.232787,0.15082,0.15082,0.163934,0.203279,0.17377,0.167213,0.222951,0.206557,0.190164,0.216393,0.17377,0.206557,0.193443,0.190164,0.190164
第383回,2020-08-28,0.19281,0.166667,0.166667,0.186275,0.176471,0.176471,0.196078,0.202614,0.202614,0.173203,0.176471,0.20915,0.205882,0.189542,0.20915,0.176471,0.196078,0.20915,0.196078,0.179739,0.176471,0.235294,0.150327,0.150327,0.163399,0.205882,0.173203,0.169935,0.222222,0.20915,0.189542,0.215686,0.173203,0.205882,0.19281,0.189542,0.189542
第382回,2020-08-21,0.192182,0.169381,0.169381,0.185668,0.179153,0.175896,0.19544,0.205212,0.201954,0.172638,0.175896,0.208469,0.205212,0.188925,0.208469,0.175896,0.19544,0.208469,0.198697,0.179153,0.175896,0.237785,0.149837,0.149837,0.162866,0.205212,0.172638,0.169381,0.221498,0.208469,0.188925,0.214984,0.172638,0.205212,0.192182,0.188925,0.192182
第381回,2020-08-14,0.191558,0.168831,0.168831,0.188312,0.178571,0.175325,0.194805,0.207792,0.201299,0.172078,0.175325,0.207792,0.204545,0.188312,0.207792,0.175325,0.194805,0.207792,0.198052,0.178571,0.175325,0.237013,0.149351,0.149351,0.165584,0.207792,0.175325,0.168831,0.220779,0.207792,0.191558,0.217532,0.172078,0.204545,0.191558,0.188312,0.191558
第380回,2020-08-07,0.190939,0.168285,0.168285,0.187702,0.177994,0.174757,0.194175,0.210356,0.200647,0.171521,0.174757,0.20712,0.203883,0.190939,0.20712,0.174757,0.194175,0.20712,0.197411,0.177994,0.174757,0.236246,0.148867,0.152104,0.168285,0.20712,0.174757,0.168285,0.220065,0.20712,0.190939,0.220065,0.171521,0.20712,0.190939,0.190939,0.190939
第379回,2020-07-31,0.190323,0.167742,0.170968,0.187097,0.177419,0.174194,0.193548,0.212903,0.2,0.170968,0.174194,0.206452,0.203226,0.190323,0.209677,0.174194,0.193548,0.206452,0.196774,0.177419,0.174194,0.23871,0.148387,0.154839,0.167742,0.206452,0.174194,0.167742,0.222581,0.206452,0.190323,0.219355,0.170968,0.206452,0.193548,0.190323,0.190323
第378回,2020-07-24,0.192926,0.167203,0.170418,0.186495,0.180064,0.173633,0.192926,0.212219,0.202572,0.173633,0.173633,0.205788,0.202572,0.192926,0.212219,0.173633,0.192926,0.205788,0.196141,0.176849,0.173633,0.237942,0.14791,0.154341,0.167203,0.205788,0.173633,0.167203,0.22508,0.205788,0.189711,0.21865,0.170418,0.205788,0.192926,0.189711,0.189711
第377回,2020-07-17,0.192308,0.166667,0.169872,0.185897,0.179487,0.176282,0.195513,0.211538,0.201923,0.176282,0.173077,0.205128,0.201923,0.192308,0.211538,0.173077,0.195513,0.205128,0.195513,0.176282,0.173077,0.237179,0.147436,0.153846,0.169872,0.205128,0.173077,0.166667,0.224359,0.205128,0.189103,0.217949,0.173077,0.205128,0.192308,0.192308,0.189103
第376回,2020-07-10,0.191693,0.166134,0.169329,0.185304,0.178914,0.178914,0.194888,0.210863,0.201278,0.175719,0.175719,0.204473,0.201278,0.194888,0.210863,0.172524,0.198083,0.204473,0.194888,0.175719,0.172524,0.236422,0.15016,0.153355,0.169329,0.204473,0.172524,0.166134,0.223642,0.204473,0.191693,0.217252,0.172524,0.204473,0.191693,0.191693,0.191693
第375回,2020-07-03,0.191083,0.165605,0.16879,0.184713,0.178344,0.178344,0.194268,0.210191,0.200637,0.175159,0.175159,0.203822,0.203822,0.194268,0.213376,0.171975,0.197452,0.207006,0.197452,0.175159,0.171975,0.235669,0.152866,0.152866,0.16879,0.203822,0.175159,0.165605,0.22293,0.203822,0.191083,0.219745,0.171975,0.203822,0.191083,0.191083,0.191083
第374回,2020-06-26,0.190476,0.165079,0.168254,0.187302,0.180952,0.177778,0.193651,0.209524,0.203175,0.177778,0.174603,0.203175,0.203175,0.193651,0.212698,0.171429,0.196825,0.209524,0.196825,0.174603,0.171429,0.234921,0.152381,0.152381,0.168254,0.203175,0.177778,0.165079,0.222222,0.203175,0.190476,0.219048,0.171429,0.203175,0.193651,0.190476,0.190476
第373回,2020-06-19,0.189873,0.167722,0.170886,0.186709,0.18038,0.177215,0.193038,0.208861,0.202532,0.177215,0.174051,0.202532,0.202532,0.193038,0.212025,0.170886,0.199367,0.212025,0.196203,0.174051,0.170886,0.237342,0.155063,0.151899,0.167722,0.202532,0.177215,0.164557,0.221519,0.202532,0.193038,0.218354,0.170886,0.202532,0.193038,0.189873,0.189873
第372回,2020-06-12,0.189274,0.167192,0.170347,0.18612,0.179811,0.179811,0.192429,0.211356,0.201893,0.176656,0.173502,0.201893,0.201893,0.192429,0.211356,0.170347,0.198738,0.211356,0.195584,0.173502,0.170347,0.239748,0.157729,0.15142,0.167192,0.201893,0.176656,0.164038,0.22082,0.201893,0.192429,0.22082,0.173502,0.201893,0.192429,0.192429,0.189274
第371回,2020-06-05,0.191824,0.166667,0.172956,0.188679,0.179245,0.179245,0.191824,0.213836,0.201258,0.176101,0.176101,0.201258,0.201258,0.191824,0.210692,0.169811,0.198113,0.210692,0.194969,0.172956,0.172956,0.238994,0.157233,0.150943,0.169811,0.201258,0.176101,0.163522,0.220126,0.201258,0.191824,0.220126,0.172956,0.201258,0.191824,0.191824,0.188679
第370回,2020-05-29,0.191223,0.166144,0.172414,0.188088,0.178683,0.178683,0.194357,0.213166,0.200627,0.178683,0.175549,0.200627,0.200627,0.191223,0.210031,0.172414,0.197492,0.210031,0.194357,0.172414,0.172414,0.238245,0.15674,0.15047,0.172414,0.203762,0.175549,0.163009,0.219436,0.200627,0.191223,0.219436,0.175549,0.203762,0.191223,0.191223,0.188088
第369回,2020-05-22,0.19375,0.165625,0.171875,0.1875,0.178125,0.178125,0.196875,0.2125,0.203125,0.178125,0.178125,0.2,0.2,0.190625,0.2125,0.171875,0.196875,0.209375,0.19375,0.171875,0.171875,0.2375,0.15625,0.15,0.171875,0.203125,0.175,0.1625,0.21875,0.2,0.19375,0.21875,0.175,0.20625,0.190625,0.190625,0.1875
第368回,2020-05-15,0.193146,0.165109,0.17134,0.186916,0.17757,0.17757,0.199377,0.214953,0.205607,0.17757,0.17757,0.199377,0.202492,0.190031,0.211838,0.17134,0.196262,0.208723,0.193146,0.17134,0.174455,0.23676,0.155763,0.149533,0.17134,0.202492,0.174455,0.161994,0.218069,0.199377,0.193146,0.218069,0.174455,0.208723,0.193146,0.190031,0.186916
第367回,2020-05-08,0.192547,0.164596,0.170807,0.186335,0.177019,0.177019,0.198758,0.217391,0.204969,0.177019,0.177019,0.198758,0.201863,0.192547,0.21118,0.170807,0.195652,0.208075,0.195652,0.173913,0.173913,0.236025,0.15528,0.149068,0.170807,0.201863,0.173913,0.161491,0.220497,0.201863,0.195652,0.217391,0.173913,0.208075,0.192547,0.189441,0.186335
第366回,2020-05-01,0.19195,0.164087,0.170279,0.185759,0.176471,0.176471,0.198142,0.216718,0.204334,0.179567,0.176471,0.198142,0.201238,0.19195,0.210526,0.170279,0.195046,0.20743,0.195046,0.173375,0.173375,0.235294,0.154799,0.151703,0.173375,0.204334,0.176471,0.160991,0.219814,0.201238,0.195046,0.216718,0.176471,0.20743,0.19195,0.19195,0.185759
第365回,2020-04-24,0.194444,0.16358,0.169753,0.188272,0.175926,0.175926,0.197531,0.216049,0.203704,0.179012,0.175926,0.197531,0.203704,0.194444,0.209877,0.17284,0.194444,0.20679,0.194444,0.17284,0.17284,0.237654,0.154321,0.151235,0.17284,0.203704,0.175926,0.160494,0.219136,0.200617,0.194444,0.216049,0.175926,0.20679,0.194444,0.191358,0.185185
第364回,2020-04-17,0.193846,0.163077,0.172308,0.187692,0.175385,0.175385,0.196923,0.215385,0.206154,0.181538,0.175385,0.196923,0.203077,0.196923,0.209231,0.175385,0.193846,0.206154,0.193846,0.175385,0.172308,0.236923,0.153846,0.150769,0.172308,0.203077,0.178462,0.16,0.218462,0.2,0.193846,0.215385,0.175385,0.206154,0.193846,0.190769,0.184615
第363回,2020-04-10,0.193252,0.162577,0.171779,0.187117,0.174847,0.174847,0.196319,0.214724,0.205521,0.180982,0.174847,0.196319,0.205521,0.196319,0.211656,0.174847,0.196319,0.205521,0.193252,0.174847,0.171779,0.239264,0.153374,0.150307,0.171779,0.205521,0.177914,0.159509,0.217791,0.199387,0.193252,0.214724,0.174847,0.208589,0.193252,0.193252,0.184049
第362回,2020-04-03,0.192661,0.16208,0.171254,0.189602,0.174312,0.174312,0.198777,0.217125,0.204893,0.180428,0.174312,0.195719,0.204893,0.198777,0.211009,0.174312,0.195719,0.204893,0.192661,0.174312,0.171254,0.24159,0.152905,0.152905,0.171254,0.204893,0.180428,0.159021,0.217125,0.198777,0.192661,0.214067,0.174312,0.207951,0.192661,0.192661,0.183486
第361回,2020-03-27,0.192073,0.161585,0.170732,0.189024,0.176829,0.17378,0.198171,0.216463,0.207317,0.179878,0.17378,0.195122,0.204268,0.198171,0.210366,0.176829,0.195122,0.204268,0.192073,0.176829,0.170732,0.240854,0.152439,0.152439,0.170732,0.204268,0.179878,0.158537,0.219512,0.198171,0.192073,0.213415,0.176829,0.207317,0.195122,0.192073,0.182927
第360回,2020-03-20,0.191489,0.161094,0.170213,0.18845,0.176292,0.173252,0.197568,0.215805,0.209726,0.179331,0.176292,0.194529,0.206687,0.200608,0.209726,0.176292,0.194529,0.203647,0.191489,0.179331,0.170213,0.243161,0.151976,0.151976,0.170213,0.203647,0.179331,0.158055,0.218845,0.197568,0.191489,0.212766,0.176292,0.206687,0.194529,0.191489,0.18541
第359回,2020-03-13,0.190909,0.160606,0.169697,0.190909,0.175758,0.172727,0.2,0.215152,0.209091,0.178788,0.178788,0.193939,0.206061,0.2,0.209091,0.175758,0.19697,0.20303,0.193939,0.178788,0.169697,0.242424,0.151515,0.151515,0.169697,0.206061,0.178788,0.157576,0.218182,0.19697,0.190909,0.212121,0.175758,0.206061,0.19697,0.190909,0.184848
第358回,2020-03-06,0.190332,0.160121,0.169184,0.190332,0.178248,0.172205,0.199396,0.214502,0.208459,0.178248,0.178248,0.193353,0.208459,0.202417,0.208459,0.175227,0.196375,0.202417,0.193353,0.178248,0.169184,0.241692,0.151057,0.151057,0.169184,0.208459,0.178248,0.1571,0.217523,0.196375,0.190332,0.214502,0.178248,0.208459,0.196375,0.190332,0.18429
第357回,2020-02-28,0.189759,0.159639,0.168675,0.189759,0.180723,0.171687,0.198795,0.216867,0.207831,0.177711,0.177711,0.195783,0.210843,0.204819,0.207831,0.174699,0.195783,0.201807,0.192771,0.177711,0.168675,0.240964,0.150602,0.153614,0.168675,0.207831,0.177711,0.156627,0.216867,0.198795,0.189759,0.213855,0.177711,0.207831,0.195783,0.189759,0.183735
第356回,2020-02-21,0.189189,0.159159,0.168168,0.192192,0.18018,0.171171,0.198198,0.216216,0.207207,0.177177,0.177177,0.195195,0.21021,0.204204,0.207207,0.177177,0.195195,0.201201,0.192192,0.18018,0.168168,0.24024,0.15015,0.153153,0.168168,0.207207,0.177177,0.156156,0.216216,0.201201,0.189189,0.213213,0.18018,0.21021,0.195195,0.192192,0.183183
第355回,2020-02-14,0.188623,0.158683,0.167665,0.194611,0.179641,0.173653,0.197605,0.215569,0.209581,0.179641,0.176647,0.194611,0.209581,0.203593,0.206587,0.176647,0.194611,0.200599,0.191617,0.179641,0.167665,0.239521,0.152695,0.152695,0.167665,0.206587,0.179641,0.155689,0.215569,0.200599,0.188623,0.212575,0.182635,0.209581,0.194611,0.191617,0.182635
第354回,2020-02-07,0.191045,0.161194,0.167164,0.19403,0.179104,0.173134,0.197015,0.21791,0.208955,0.18209,0.176119,0.19403,0.21194,0.202985,0.20597,0.176119,0.19403,0.2,0.191045,0.179104,0.167164,0.238806,0.152239,0.152239,0.170149,0.20597,0.179104,0.155224,0.214925,0.2,0.191045,0.21194,0.18209,0.208955,0.19403,0.191045,0.18209
第353回,2020-01-31,0.190476,0.160714,0.166667,0.193452,0.178571,0.172619,0.196429,0.217262,0.208333,0.181548,0.178571,0.193452,0.21131,0.202381,0.208333,0.175595,0.193452,0.199405,0.190476,0.178571,0.166667,0.241071,0.154762,0.154762,0.169643,0.205357,0.178571,0.154762,0.217262,0.199405,0.190476,0.21131,0.184524,0.208333,0.193452,0.190476,0.181548
第352回,2020-01-24,0.189911,0.160237,0.169139,0.195846,0.178042,0.172107,0.195846,0.216617,0.207715,0.181009,0.178042,0.192878,0.210682,0.204748,0.207715,0.175074,0.192878,0.20178,0.189911,0.178042,0.166172,0.240356,0.154303,0.154303,0.169139,0.207715,0.178042,0.154303,0.216617,0.20178,0.189911,0.21365,0.183976,0.207715,0.192878,0.189911,0.181009
第351回,2020-01-17,0.189349,0.159763,0.168639,0.195266,0.177515,0.171598,0.195266,0.218935,0.207101,0.180473,0.177515,0.192308,0.213018,0.204142,0.207101,0.174556,0.195266,0.201183,0.192308,0.177515,0.16568,0.239645,0.156805,0.153846,0.171598,0.207101,0.177515,0.156805,0.215976,0.201183,0.189349,0.213018,0.183432,0.207101,0.192308,0.189349,0.180473
第350回,2020-01-10,0.188791,0.159292,0.168142,0.19469,0.176991,0.171091,0.19469,0.218289,0.20649,0.182891,0.176991,0.19174,0.212389,0.20354,0.20649,0.174041,0.19469,0.20059,0.19469,0.176991,0.168142,0.238938,0.159292,0.156342,0.171091,0.20649,0.176991,0.156342,0.215339,0.20354,0.188791,0.212389,0.182891,0.20649,0.19174,0.188791,0.182891
第349回,2019-12-27,0.188235,0.158824,0.167647,0.197059,0.176471,0.170588,0.194118,0.217647,0.205882,0.185294,0.179412,0.191176,0.211765,0.202941,0.208824,0.173529,0.194118,0.202941,0.194118,0.176471,0.167647,0.241176,0.158824,0.155882,0.170588,0.205882,0.176471,0.155882,0.214706,0.202941,0.188235,0.211765,0.182353,0.208824,0.191176,0.188235,0.182353
第348回,2019-12-20,0.187683,0.16129,0.167155,0.196481,0.178886,0.170088,0.193548,0.217009,0.205279,0.184751,0.178886,0.190616,0.211144,0.202346,0.208211,0.173021,0.196481,0.205279,0.196481,0.178886,0.167155,0.240469,0.158358,0.155425,0.170088,0.205279,0.175953,0.155425,0.214076,0.202346,0.187683,0.211144,0.184751,0.208211,0.190616,0.187683,0.181818
第347回,2019-12-13,0.187135,0.160819,0.169591,0.195906,0.178363,0.172515,0.192982,0.216374,0.204678,0.184211,0.181287,0.190058,0.21345,0.201754,0.207602,0.172515,0.195906,0.207602,0.195906,0.181287,0.166667,0.239766,0.157895,0.154971,0.169591,0.204678,0.175439,0.154971,0.21345,0.201754,0.187135,0.210526,0.184211,0.210526,0.190058,0.187135,0.181287
第346回,2019-12-06,0.186589,0.16035,0.169096,0.195335,0.177843,0.172012,0.19242,0.215743,0.204082,0.183673,0.183673,0.189504,0.212828,0.201166,0.206997,0.174927,0.195335,0.209913,0.195335,0.180758,0.166181,0.239067,0.16035,0.154519,0.169096,0.204082,0.174927,0.154519,0.212828,0.204082,0.189504,0.209913,0.183673,0.209913,0.19242,0.186589,0.180758
第345回,2019-11-29,0.186047,0.159884,0.168605,0.194767,0.177326,0.174419,0.19186,0.215116,0.206395,0.186047,0.18314,0.188953,0.212209,0.200581,0.206395,0.174419,0.194767,0.212209,0.194767,0.180233,0.165698,0.238372,0.159884,0.15407,0.168605,0.203488,0.174419,0.156977,0.212209,0.203488,0.19186,0.212209,0.18314,0.209302,0.19186,0.186047,0.180233
第344回,2019-11-22,0.185507,0.15942,0.168116,0.194203,0.176812,0.173913,0.191304,0.214493,0.205797,0.185507,0.185507,0.188406,0.211594,0.2,0.205797,0.173913,0.194203,0.211594,0.197101,0.17971,0.165217,0.237681,0.15942,0.153623,0.168116,0.202899,0.173913,0.15942,0.214493,0.202899,0.194203,0.214493,0.182609,0.208696,0.191304,0.185507,0.182609
第343回,2019-11-15,0.184971,0.15896,0.16763,0.193642,0.176301,0.17341,0.190751,0.213873,0.205202,0.184971,0.184971,0.187861,0.210983,0.199422,0.205202,0.17341,0.196532,0.210983,0.199422,0.179191,0.16474,0.239884,0.15896,0.153179,0.16763,0.202312,0.17341,0.15896,0.216763,0.205202,0.196532,0.216763,0.182081,0.208092,0.190751,0.184971,0.182081
第342回,2019-11-08,0.184438,0.158501,0.170029,0.193084,0.175793,0.175793,0.190202,0.213256,0.204611,0.184438,0.184438,0.18732,0.210375,0.198847,0.204611,0.172911,0.195965,0.210375,0.198847,0.178674,0.164265,0.239193,0.158501,0.15562,0.167147,0.201729,0.172911,0.161383,0.216138,0.204611,0.195965,0.21902,0.181556,0.207493,0.193084,0.18732,0.181556
第341回,2019-11-01,0.183908,0.158046,0.16954,0.195402,0.175287,0.175287,0.189655,0.212644,0.204023,0.183908,0.186782,0.186782,0.20977,0.198276,0.204023,0.172414,0.198276,0.20977,0.198276,0.178161,0.163793,0.238506,0.158046,0.155172,0.166667,0.201149,0.175287,0.16092,0.218391,0.204023,0.198276,0.218391,0.181034,0.206897,0.192529,0.189655,0.181034
第340回,2019-10-25,0.183381,0.157593,0.169054,0.194842,0.174785,0.17765,0.189112,0.212034,0.203438,0.183381,0.186246,0.186246,0.209169,0.200573,0.203438,0.17192,0.200573,0.209169,0.197708,0.17765,0.163324,0.237822,0.157593,0.154728,0.166189,0.203438,0.17765,0.160458,0.217765,0.206304,0.197708,0.217765,0.180516,0.206304,0.191977,0.191977,0.180516
第339回,2019-10-18,0.182857,0.157143,0.168571,0.194286,0.174286,0.177143,0.188571,0.211429,0.202857,0.182857,0.188571,0.185714,0.208571,0.2,0.205714,0.171429,0.2,0.211429,0.197143,0.18,0.162857,0.237143,0.16,0.154286,0.168571,0.202857,0.177143,0.16,0.217143,0.205714,0.197143,0.22,0.18,0.205714,0.191429,0.191429,0.18
第338回,2019-10-11,0.182336,0.156695,0.168091,0.193732,0.173789,0.176638,0.190883,0.210826,0.205128,0.182336,0.188034,0.185185,0.207977,0.19943,0.205128,0.173789,0.202279,0.210826,0.196581,0.179487,0.162393,0.236467,0.162393,0.153846,0.168091,0.202279,0.179487,0.159544,0.216524,0.205128,0.196581,0.219373,0.179487,0.207977,0.190883,0.190883,0.179487
第337回,2019-10-04,0.181818,0.15625,0.167614,0.193182,0.176136,0.176136,0.193182,0.210227,0.204545,0.184659,0.1875,0.1875,0.207386,0.201705,0.204545,0.173295,0.201705,0.210227,0.196023,0.178977,0.161932,0.235795,0.161932,0.15625,0.167614,0.201705,0.178977,0.159091,0.215909,0.204545,0.196023,0.21875,0.178977,0.207386,0.193182,0.190341,0.178977
第336回,2019-09-27,0.181303,0.155807,0.167139,0.192635,0.175637,0.175637,0.192635,0.209632,0.206799,0.186969,0.186969,0.186969,0.209632,0.201133,0.203966,0.172805,0.201133,0.209632,0.195467,0.17847,0.164306,0.235127,0.161473,0.155807,0.169972,0.201133,0.17847,0.15864,0.215297,0.203966,0.1983,0.21813,0.181303,0.206799,0.192635,0.189802,0.17847
第335回,2019-09-20,0.180791,0.155367,0.166667,0.19209,0.175141,0.175141,0.19209,0.20904,0.20904,0.189266,0.186441,0.186441,0.20904,0.200565,0.20339,0.172316,0.20339,0.211864,0.194915,0.177966,0.163842,0.237288,0.161017,0.155367,0.172316,0.200565,0.177966,0.158192,0.214689,0.20339,0.19774,0.217514,0.180791,0.206215,0.194915,0.189266,0.177966
第334回,2019-09-13,0.180282,0.15493,0.169014,0.191549,0.174648,0.174648,0.194366,0.208451,0.208451,0.188732,0.185915,0.185915,0.208451,0.2,0.205634,0.174648,0.202817,0.211268,0.194366,0.177465,0.16338,0.23662,0.160563,0.15493,0.171831,0.2,0.177465,0.157746,0.214085,0.205634,0.197183,0.216901,0.180282,0.208451,0.197183,0.188732,0.177465
第333回,2019-09-06,0.182584,0.154494,0.168539,0.19382,0.174157,0.174157,0.19382,0.207865,0.207865,0.191011,0.188202,0.185393,0.207865,0.199438,0.205056,0.176966,0.202247,0.210674,0.19382,0.176966,0.162921,0.235955,0.160112,0.157303,0.171348,0.199438,0.176966,0.157303,0.213483,0.205056,0.196629,0.216292,0.179775,0.210674,0.196629,0.188202,0.176966
第332回,2019-08-30,0.182073,0.154062,0.168067,0.193277,0.176471,0.173669,0.196078,0.207283,0.207283,0.193277,0.187675,0.184874,0.207283,0.19888,0.207283,0.176471,0.201681,0.210084,0.193277,0.176471,0.162465,0.235294,0.159664,0.159664,0.170868,0.19888,0.179272,0.156863,0.212885,0.207283,0.196078,0.215686,0.179272,0.210084,0.196078,0.187675,0.176471
第331回,2019-08-23,0.181564,0.153631,0.167598,0.192737,0.178771,0.173184,0.198324,0.206704,0.206704,0.192737,0.189944,0.187151,0.206704,0.198324,0.209497,0.175978,0.201117,0.212291,0.192737,0.178771,0.162011,0.234637,0.159218,0.159218,0.170391,0.198324,0.178771,0.156425,0.212291,0.206704,0.195531,0.215084,0.178771,0.209497,0.195531,0.187151,0.175978
第330回,2019-08-16,0.181058,0.153203,0.169916,0.194986,0.178273,0.172702,0.197772,0.206128,0.206128,0.194986,0.189415,0.189415,0.206128,0.197772,0.208914,0.175487,0.203343,0.214485,0.192201,0.181058,0.16156,0.233983,0.158774,0.158774,0.169916,0.197772,0.178273,0.155989,0.211699,0.206128,0.194986,0.214485,0.178273,0.208914,0.194986,0.18663,0.175487
第329回,2019-08-09,0.180556,0.152778,0.172222,0.194444,0.177778,0.172222,0.197222,0.205556,0.205556,0.197222,0.188889,0.188889,0.205556,0.197222,0.208333,0.175,0.202778,0.213889,0.194444,0.183333,0.161111,0.233333,0.158333,0.158333,0.169444,0.2,0.177778,0.158333,0.211111,0.208333,0.194444,0.213889,0.177778,0.208333,0.194444,0.186111,0.175
第328回,2019-08-02,0.180055,0.152355,0.174515,0.193906,0.177285,0.171745,0.196676,0.204986,0.207756,0.199446,0.188366,0.188366,0.204986,0.199446,0.207756,0.174515,0.202216,0.213296,0.196676,0.182825,0.160665,0.232687,0.157895,0.160665,0.168975,0.199446,0.177285,0.157895,0.210526,0.210526,0.193906,0.213296,0.177285,0.207756,0.193906,0.185596,0.174515
第327回,2019-07-26,0.18232,0.151934,0.176796,0.19337,0.176796,0.171271,0.196133,0.20442,0.207182,0.198895,0.187845,0.187845,0.207182,0.201657,0.207182,0.176796,0.201657,0.212707,0.196133,0.18232,0.160221,0.232044,0.157459,0.160221,0.168508,0.198895,0.176796,0.157459,0.209945,0.212707,0.196133,0.212707,0.176796,0.207182,0.19337,0.185083,0.174033
第326回,2019-07-19,0.184573,0.15427,0.176309,0.192837,0.176309,0.170799,0.195592,0.203857,0.206612,0.198347,0.187328,0.187328,0.206612,0.201102,0.206612,0.176309,0.203857,0.214876,0.195592,0.181818,0.15978,0.231405,0.157025,0.162534,0.168044,0.198347,0.179063,0.157025,0.212121,0.212121,0.195592,0.212121,0.176309,0.206612,0.192837,0.184573,0.173554
第325回,2019-07-12,0.184066,0.153846,0.175824,0.195055,0.175824,0.17033,0.195055,0.203297,0.206044,0.197802,0.186813,0.186813,0.206044,0.203297,0.206044,0.175824,0.206044,0.217033,0.195055,0.181319,0.162088,0.230769,0.156593,0.162088,0.167582,0.197802,0.178571,0.156593,0.211538,0.211538,0.197802,0.211538,0.178571,0.206044,0.192308,0.184066,0.173077
第324回,2019-07-05,0.183562,0.153425,0.175342,0.194521,0.175342,0.169863,0.194521,0.20274,0.208219,0.19726,0.186301,0.186301,0.208219,0.20274,0.205479,0.178082,0.208219,0.219178,0.19726,0.183562,0.161644,0.230137,0.156164,0.161644,0.167123,0.19726,0.178082,0.156164,0.210959,0.210959,0.19726,0.210959,0.178082,0.205479,0.191781,0.183562,0.172603
第323回,2019-06-28,0.18306,0.153005,0.174863,0.193989,0.174863,0.169399,0.193989,0.202186,0.20765,0.196721,0.188525,0.185792,0.20765,0.204918,0.20765,0.177596,0.20765,0.218579,0.196721,0.18306,0.163934,0.229508,0.155738,0.161202,0.166667,0.199454,0.177596,0.155738,0.210383,0.210383,0.196721,0.210383,0.177596,0.20765,0.191257,0.185792,0.172131
第322回,2019-06-21,0.185286,0.152589,0.174387,0.19346,0.174387,0.168937,0.19346,0.201635,0.207084,0.19891,0.190736,0.185286,0.207084,0.20436,0.207084,0.177112,0.207084,0.217984,0.196185,0.182561,0.166213,0.228883,0.155313,0.160763,0.166213,0.201635,0.177112,0.155313,0.212534,0.212534,0.196185,0.209809,0.177112,0.207084,0.190736,0.185286,0.171662
第321回,2019-06-14,0.184783,0.152174,0.173913,0.192935,0.173913,0.168478,0.192935,0.201087,0.206522,0.19837,0.190217,0.184783,0.206522,0.203804,0.209239,0.17663,0.206522,0.217391,0.195652,0.182065,0.165761,0.228261,0.154891,0.163043,0.165761,0.201087,0.179348,0.157609,0.214674,0.211957,0.195652,0.209239,0.17663,0.209239,0.192935,0.184783,0.171196
第320回,2019-06-07,0.184282,0.151762,0.173442,0.192412,0.176152,0.170732,0.192412,0.200542,0.205962,0.197832,0.189702,0.184282,0.205962,0.203252,0.208672,0.176152,0.205962,0.219512,0.195122,0.181572,0.165312,0.230352,0.154472,0.162602,0.165312,0.203252,0.178862,0.157182,0.214092,0.211382,0.195122,0.208672,0.178862,0.211382,0.192412,0.184282,0.170732
第319回,2019-05-31,0.183784,0.154054,0.172973,0.191892,0.175676,0.172973,0.191892,0.2,0.205405,0.197297,0.189189,0.183784,0.205405,0.205405,0.208108,0.175676,0.205405,0.218919,0.194595,0.181081,0.164865,0.22973,0.156757,0.162162,0.164865,0.202703,0.178378,0.159459,0.213514,0.210811,0.197297,0.208108,0.178378,0.210811,0.194595,0.183784,0.17027
第318回,2019-05-24,0.183288,0.153639,0.172507,0.19407,0.177898,0.172507,0.191375,0.199461,0.204852,0.199461,0.188679,0.185984,0.204852,0.204852,0.207547,0.175202,0.204852,0.218329,0.19407,0.180593,0.16442,0.229111,0.156334,0.161725,0.16442,0.202156,0.180593,0.15903,0.212938,0.210243,0.196765,0.207547,0.177898,0.212938,0.19407,0.185984,0.169811
第317回,2019-05-17,0.182796,0.153226,0.172043,0.193548,0.177419,0.172043,0.193548,0.201613,0.204301,0.198925,0.188172,0.185484,0.204301,0.206989,0.209677,0.177419,0.204301,0.217742,0.193548,0.182796,0.163978,0.228495,0.155914,0.16129,0.163978,0.201613,0.180108,0.158602,0.215054,0.209677,0.196237,0.206989,0.177419,0.212366,0.193548,0.185484,0.169355
第316回,2019-05-10,0.182306,0.152815,0.174263,0.193029,0.176944,0.171582,0.193029,0.201072,0.206434,0.201072,0.187668,0.184987,0.203753,0.206434,0.209115,0.176944,0.206434,0.217158,0.193029,0.182306,0.163539,0.227882,0.155496,0.160858,0.163539,0.201072,0.179625,0.158177,0.214477,0.211796,0.19571,0.206434,0.179625,0.214477,0.193029,0.184987,0.168901
第315回,2019-05-03,0.181818,0.152406,0.176471,0.192513,0.176471,0.171123,0.192513,0.200535,0.205882,0.200535,0.18984,0.184492,0.203209,0.205882,0.208556,0.176471,0.205882,0.219251,0.192513,0.181818,0.163102,0.227273,0.15508,0.160428,0.163102,0.203209,0.179144,0.157754,0.213904,0.213904,0.195187,0.205882,0.181818,0.213904,0.192513,0.184492,0.171123
第314回,2019-04-26,0.181333,0.152,0.178667,0.192,0.176,0.173333,0.192,0.202667,0.205333,0.2,0.189333,0.184,0.202667,0.205333,0.208,0.176,0.205333,0.218667,0.194667,0.181333,0.162667,0.226667,0.154667,0.16,0.162667,0.202667,0.178667,0.157333,0.213333,0.213333,0.194667,0.208,0.181333,0.216,0.194667,0.184,0.170667
第313回,2019-04-19,0.180851,0.151596,0.178191,0.191489,0.175532,0.172872,0.191489,0.202128,0.207447,0.199468,0.18883,0.183511,0.204787,0.204787,0.207447,0.178191,0.204787,0.218085,0.194149,0.180851,0.162234,0.226064,0.156915,0.159574,0.162234,0.202128,0.178191,0.159574,0.215426,0.215426,0.194149,0.207447,0.180851,0.215426,0.194149,0.183511,0.170213
第312回,2019-04-12,0.183024,0.153846,0.177719,0.193634,0.175066,0.172414,0.190981,0.201592,0.206897,0.198939,0.188329,0.183024,0.204244,0.204244,0.206897,0.177719,0.204244,0.220159,0.193634,0.183024,0.161804,0.225464,0.156499,0.159151,0.161804,0.201592,0.177719,0.159151,0.217507,0.214854,0.193634,0.206897,0.180371,0.217507,0.193634,0.183024,0.169761
第311回,2019-04-05,0.18254,0.153439,0.177249,0.193122,0.174603,0.171958,0.190476,0.201058,0.208995,0.198413,0.190476,0.18254,0.203704,0.203704,0.206349,0.177249,0.203704,0.222222,0.193122,0.18254,0.161376,0.224868,0.156085,0.161376,0.161376,0.203704,0.179894,0.15873,0.216931,0.214286,0.193122,0.206349,0.179894,0.216931,0.193122,0.18254,0.171958
第310回,2019-03-29,0.182058,0.153034,0.176781,0.192612,0.174142,0.171504,0.189974,0.200528,0.208443,0.197889,0.189974,0.182058,0.203166,0.203166,0.205805,0.176781,0.205805,0.221636,0.192612,0.182058,0.16095,0.224274,0.155673,0.16095,0.163588,0.205805,0.17942,0.16095,0.216359,0.21372,0.195251,0.208443,0.17942,0.216359,0.192612,0.182058,0.174142
第309回,2019-03-22,0.184211,0.152632,0.176316,0.192105,0.173684,0.171053,0.192105,0.2,0.207895,0.197368,0.189474,0.181579,0.205263,0.205263,0.205263,0.178947,0.205263,0.221053,0.192105,0.181579,0.163158,0.226316,0.155263,0.160526,0.163158,0.205263,0.178947,0.160526,0.215789,0.213158,0.194737,0.207895,0.178947,0.215789,0.192105,0.181579,0.173684
第308回,2019-03-15,0.183727,0.152231,0.175853,0.191601,0.175853,0.173228,0.191601,0.199475,0.207349,0.19685,0.191601,0.181102,0.204724,0.204724,0.207349,0.178478,0.204724,0.220472,0.191601,0.183727,0.16273,0.225722,0.154856,0.160105,0.16273,0.204724,0.178478,0.160105,0.215223,0.212598,0.194226,0.209974,0.181102,0.215223,0.191601,0.181102,0.173228
第307回,2019-03-08,0.183246,0.151832,0.175393,0.191099,0.17801,0.172775,0.191099,0.201571,0.206806,0.196335,0.191099,0.180628,0.204188,0.204188,0.209424,0.17801,0.204188,0.219895,0.191099,0.183246,0.162304,0.225131,0.15445,0.162304,0.164921,0.204188,0.17801,0.159686,0.21466,0.212042,0.193717,0.212042,0.180628,0.21466,0.193717,0.180628,0.172775
第306回,2019-03-01,0.182768,0.151436,0.174935,0.190601,0.177546,0.172324,0.190601,0.201044,0.206266,0.195822,0.190601,0.182768,0.206266,0.203655,0.211488,0.177546,0.203655,0.219321,0.190601,0.182768,0.16188,0.227154,0.154047,0.16188,0.167102,0.203655,0.177546,0.159269,0.214099,0.211488,0.193211,0.211488,0.182768,0.214099,0.195822,0.180157,0.172324
第305回,2019-02-22,0.182292,0.151042,0.174479,0.190104,0.177083,0.174479,0.190104,0.200521,0.205729,0.195312,0.190104,0.182292,0.205729,0.203125,0.210938,0.177083,0.205729,0.21875,0.190104,0.182292,0.161458,0.226562,0.15625,0.164062,0.166667,0.203125,0.179688,0.161458,0.213542,0.210938,0.195312,0.210938,0.182292,0.213542,0.195312,0.179688,0.171875
第304回,2019-02-15,0.181818,0.150649,0.174026,0.18961,0.176623,0.174026,0.192208,0.2,0.207792,0.197403,0.18961,0.181818,0.205195,0.202597,0.21039,0.176623,0.207792,0.218182,0.18961,0.181818,0.161039,0.225974,0.155844,0.163636,0.166234,0.202597,0.179221,0.163636,0.212987,0.21039,0.194805,0.21039,0.184416,0.212987,0.194805,0.181818,0.171429
第303回,2019-02-08,0.181347,0.150259,0.173575,0.19171,0.176166,0.173575,0.194301,0.199482,0.207254,0.196891,0.189119,0.181347,0.204663,0.204663,0.209845,0.176166,0.209845,0.217617,0.189119,0.181347,0.163212,0.225389,0.15544,0.163212,0.165803,0.202073,0.178756,0.163212,0.212435,0.209845,0.194301,0.209845,0.183938,0.215026,0.194301,0.181347,0.173575
第302回,2019-02-01,0.180879,0.149871,0.173127,0.191214,0.175711,0.173127,0.193798,0.20155,0.206718,0.196382,0.18863,0.180879,0.204134,0.204134,0.209302,0.178295,0.209302,0.217054,0.18863,0.180879,0.162791,0.224806,0.155039,0.162791,0.165375,0.204134,0.180879,0.165375,0.211886,0.209302,0.193798,0.211886,0.183463,0.217054,0.193798,0.180879,0.173127
第301回,2019-01-25,0.180412,0.149485,0.17268,0.193299,0.175258,0.17268,0.193299,0.201031,0.206186,0.195876,0.190722,0.18299,0.203608,0.203608,0.208763,0.177835,0.208763,0.216495,0.188144,0.180412,0.162371,0.224227,0.154639,0.162371,0.167526,0.203608,0.18299,0.164948,0.21134,0.21134,0.193299,0.21134,0.185567,0.216495,0.193299,0.180412,0.17268
第300回,2019-01-18,0.179949,0.1491,0.172237,0.195373,0.174807,0.172237,0.195373,0.200514,0.205656,0.195373,0.190231,0.182519,0.203085,0.203085,0.208226,0.177378,0.208226,0.215938,0.187661,0.179949,0.164524,0.22365,0.154242,0.161954,0.167095,0.203085,0.182519,0.164524,0.210797,0.210797,0.195373,0.210797,0.187661,0.218509,0.195373,0.179949,0.172237
第299回,2019-01-11,0.182051,0.148718,0.171795,0.194872,0.174359,0.174359,0.194872,0.2,0.205128,0.197436,0.189744,0.182051,0.205128,0.202564,0.207692,0.179487,0.207692,0.215385,0.187179,0.179487,0.164103,0.223077,0.153846,0.161538,0.166667,0.205128,0.182051,0.164103,0.210256,0.210256,0.194872,0.210256,0.187179,0.217949,0.194872,0.182051,0.171795
第298回,2019-01-04,0.184143,0.148338,0.173913,0.194373,0.173913,0.173913,0.194373,0.202046,0.204604,0.196931,0.191816,0.181586,0.204604,0.202046,0.207161,0.179028,0.207161,0.217391,0.189258,0.179028,0.163683,0.225064,0.153453,0.161125,0.16624,0.204604,0.181586,0.163683,0.209719,0.209719,0.194373,0.209719,0.186701,0.217391,0.194373,0.181586,0.171355
第297回,2018-12-28,0.183673,0.15051,0.17602,0.193878,0.173469,0.173469,0.193878,0.201531,0.204082,0.196429,0.193878,0.181122,0.204082,0.201531,0.206633,0.181122,0.206633,0.216837,0.188776,0.178571,0.163265,0.22449,0.155612,0.160714,0.165816,0.204082,0.181122,0.165816,0.209184,0.209184,0.193878,0.209184,0.186224,0.216837,0.193878,0.183673,0.170918
第296回,2018-12-21,0.185751,0.150127,0.175573,0.193384,0.173028,0.173028,0.193384,0.203562,0.203562,0.198473,0.193384,0.183206,0.203562,0.201018,0.206107,0.180662,0.206107,0.21883,0.188295,0.178117,0.16285,0.223919,0.155216,0.160305,0.165394,0.203562,0.180662,0.167939,0.211196,0.208651,0.193384,0.208651,0.185751,0.216285,0.193384,0.183206,0.170483
第295回,2018-12-14,0.185279,0.149746,0.175127,0.195431,0.175127,0.175127,0.192893,0.205584,0.205584,0.19797,0.192893,0.182741,0.203046,0.200508,0.205584,0.180203,0.205584,0.218274,0.187817,0.177665,0.162437,0.225888,0.154822,0.159898,0.164975,0.203046,0.180203,0.167513,0.21066,0.208122,0.192893,0.21066,0.185279,0.215736,0.192893,0.182741,0.170051
第294回,2018-12-07,0.18481,0.149367,0.177215,0.197468,0.174684,0.177215,0.192405,0.205063,0.205063,0.2,0.192405,0.182278,0.202532,0.202532,0.205063,0.179747,0.205063,0.217722,0.187342,0.177215,0.162025,0.227848,0.15443,0.159494,0.164557,0.202532,0.179747,0.167089,0.212658,0.207595,0.192405,0.210127,0.18481,0.21519,0.192405,0.182278,0.16962
第293回,2018-11-30,0.184343,0.14899,0.176768,0.19697,0.174242,0.176768,0.191919,0.204545,0.204545,0.199495,0.194444,0.181818,0.204545,0.20202,0.207071,0.179293,0.204545,0.217172,0.186869,0.179293,0.161616,0.227273,0.15404,0.159091,0.164141,0.20202,0.181818,0.166667,0.214646,0.207071,0.191919,0.209596,0.184343,0.214646,0.194444,0.181818,0.169192
第292回,2018-11-23,0.183879,0.148615,0.176322,0.196474,0.173804,0.176322,0.191436,0.20403,0.20403,0.198992,0.193955,0.183879,0.20403,0.201511,0.209068,0.178841,0.20403,0.216625,0.186398,0.178841,0.161209,0.2267,0.153652,0.15869,0.166247,0.20403,0.183879,0.166247,0.216625,0.206549,0.191436,0.209068,0.183879,0.214106,0.196474,0.18136,0.168766
第291回,2018-11-16,0.18593,0.148241,0.175879,0.19598,0.173367,0.175879,0.190955,0.203518,0.203518,0.198492,0.19598,0.183417,0.203518,0.201005,0.208543,0.178392,0.203518,0.218593,0.188442,0.178392,0.163317,0.226131,0.153266,0.158291,0.165829,0.203518,0.183417,0.165829,0.218593,0.20603,0.190955,0.208543,0.183417,0.213568,0.19598,0.180905,0.170854
第290回,2018-11-09,0.185464,0.14787,0.177945,0.195489,0.172932,0.175439,0.190476,0.203008,0.203008,0.197995,0.195489,0.182957,0.205514,0.200501,0.20802,0.177945,0.203008,0.218045,0.18797,0.177945,0.162907,0.22807,0.152882,0.157895,0.165414,0.205514,0.182957,0.165414,0.218045,0.205514,0.192982,0.210526,0.182957,0.213033,0.195489,0.180451,0.172932
第289回,2018-11-02,0.185,0.15,0.1775,0.195,0.1725,0.175,0.1925,0.2025,0.2025,0.2,0.195,0.185,0.205,0.2,0.2075,0.18,0.205,0.2175,0.1875,0.1775,0.1625,0.2275,0.1525,0.1575,0.165,0.205,0.1825,0.165,0.2175,0.205,0.1925,0.21,0.1825,0.215,0.195,0.18,0.1725
第288回,2018-10-26,0.187032,0.149626,0.177057,0.194514,0.17207,0.174564,0.19202,0.204489,0.204489,0.199501,0.194514,0.184539,0.204489,0.199501,0.206983,0.182045,0.204489,0.216958,0.187032,0.177057,0.162095,0.226933,0.15212,0.157107,0.164589,0.204489,0.184539,0.164589,0.216958,0.204489,0.19202,0.21197,0.182045,0.214464,0.194514,0.179551,0.174564
第287回,2018-10-19,0.186567,0.151741,0.176617,0.19403,0.171642,0.174129,0.19403,0.20398,0.20398,0.201493,0.19403,0.18408,0.20398,0.199005,0.206468,0.181592,0.20398,0.216418,0.186567,0.179104,0.161692,0.226368,0.151741,0.159204,0.164179,0.20398,0.18408,0.164179,0.218905,0.20398,0.191542,0.211443,0.181592,0.216418,0.19403,0.179104,0.174129
第286回,2018-10-12,0.186104,0.151365,0.176179,0.19603,0.173697,0.173697,0.193548,0.203474,0.203474,0.200993,0.193548,0.183623,0.203474,0.200993,0.205955,0.181141,0.205955,0.218362,0.186104,0.17866,0.16129,0.225806,0.151365,0.158809,0.163772,0.203474,0.183623,0.163772,0.220844,0.203474,0.191067,0.210918,0.181141,0.215881,0.193548,0.17866,0.176179
第285回,2018-10-05,0.185644,0.15099,0.175743,0.195545,0.173267,0.173267,0.193069,0.20297,0.20297,0.200495,0.195545,0.183168,0.20297,0.200495,0.207921,0.180693,0.205446,0.217822,0.185644,0.178218,0.163366,0.225248,0.15099,0.158416,0.163366,0.205446,0.183168,0.163366,0.220297,0.205446,0.190594,0.210396,0.180693,0.217822,0.195545,0.178218,0.175743
第284回,2018-09-28,0.185185,0.150617,0.175309,0.195062,0.17284,0.175309,0.195062,0.202469,0.202469,0.202469,0.195062,0.182716,0.202469,0.2,0.207407,0.180247,0.204938,0.217284,0.185185,0.177778,0.162963,0.224691,0.150617,0.158025,0.165432,0.204938,0.182716,0.162963,0.222222,0.207407,0.190123,0.209877,0.182716,0.217284,0.195062,0.177778,0.175309
第283回,2018-09-21,0.184729,0.150246,0.174877,0.194581,0.172414,0.174877,0.194581,0.20197,0.20197,0.20197,0.194581,0.182266,0.204433,0.20197,0.20936,0.179803,0.206897,0.216749,0.184729,0.17734,0.162562,0.224138,0.152709,0.157635,0.165025,0.204433,0.182266,0.162562,0.224138,0.206897,0.192118,0.20936,0.182266,0.216749,0.194581,0.17734,0.174877
第282回,2018-09-14,0.184275,0.149877,0.174447,0.194103,0.17199,0.174447,0.194103,0.201474,0.201474,0.203931,0.194103,0.181818,0.203931,0.201474,0.208845,0.179361,0.208845,0.218673,0.184275,0.176904,0.162162,0.223587,0.152334,0.157248,0.167076,0.203931,0.181818,0.162162,0.226044,0.206388,0.191646,0.208845,0.181818,0.216216,0.19656,0.179361,0.174447
第281回,2018-09-07,0.186275,0.151961,0.17402,0.193627,0.171569,0.17402,0.193627,0.20098,0.20098,0.203431,0.193627,0.181373,0.203431,0.20098,0.208333,0.178922,0.210784,0.218137,0.186275,0.178922,0.161765,0.22549,0.151961,0.156863,0.166667,0.205882,0.181373,0.161765,0.22549,0.205882,0.191176,0.208333,0.181373,0.215686,0.196078,0.178922,0.17402
第280回,2018-08-31,0.185819,0.151589,0.173594,0.195599,0.171149,0.173594,0.193154,0.200489,0.202934,0.205379,0.195599,0.180929,0.202934,0.200489,0.207824,0.178484,0.210269,0.217604,0.185819,0.178484,0.161369,0.224939,0.151589,0.158924,0.166259,0.205379,0.180929,0.161369,0.224939,0.205379,0.190709,0.210269,0.180929,0.215159,0.198044,0.178484,0.173594
第279回,2018-08-24,0.185366,0.15122,0.173171,0.195122,0.170732,0.173171,0.195122,0.2,0.202439,0.204878,0.197561,0.180488,0.202439,0.2,0.209756,0.178049,0.212195,0.217073,0.187805,0.178049,0.160976,0.22439,0.153659,0.158537,0.165854,0.204878,0.180488,0.160976,0.22439,0.204878,0.192683,0.209756,0.180488,0.214634,0.197561,0.178049,0.173171
第278回,2018-08-17,0.184915,0.150852,0.172749,0.194647,0.170316,0.175182,0.194647,0.199513,0.20438,0.20438,0.19708,0.180049,0.201946,0.201946,0.209246,0.177616,0.211679,0.216545,0.187348,0.177616,0.163017,0.223844,0.155718,0.158151,0.16545,0.20438,0.180049,0.160584,0.223844,0.20438,0.192214,0.209246,0.182482,0.214112,0.19708,0.180049,0.172749
第277回,2018-08-10,0.184466,0.150485,0.17233,0.194175,0.169903,0.177184,0.196602,0.199029,0.206311,0.203883,0.199029,0.179612,0.201456,0.201456,0.208738,0.177184,0.211165,0.216019,0.186893,0.177184,0.165049,0.223301,0.157767,0.157767,0.167476,0.203883,0.179612,0.160194,0.223301,0.203883,0.191748,0.208738,0.182039,0.213592,0.196602,0.179612,0.17233
第276回,2018-08-03,0.184019,0.150121,0.174334,0.193705,0.169492,0.179177,0.196126,0.198547,0.205811,0.20339,0.198547,0.181598,0.200969,0.200969,0.208232,0.176755,0.213075,0.215496,0.186441,0.176755,0.164649,0.225182,0.157385,0.157385,0.16707,0.20339,0.179177,0.159806,0.22276,0.20339,0.191283,0.208232,0.181598,0.215496,0.198547,0.179177,0.171913
第275回,2018-07-27,0.183575,0.149758,0.173913,0.193237,0.169082,0.178744,0.195652,0.200483,0.207729,0.202899,0.198068,0.181159,0.200483,0.200483,0.210145,0.176329,0.21256,0.214976,0.188406,0.176329,0.164251,0.224638,0.157005,0.15942,0.169082,0.202899,0.178744,0.15942,0.222222,0.202899,0.190821,0.207729,0.181159,0.214976,0.200483,0.178744,0.171498
第274回,2018-07-20,0.183133,0.149398,0.173494,0.192771,0.168675,0.178313,0.195181,0.2,0.209639,0.20241,0.19759,0.180723,0.2,0.20241,0.209639,0.175904,0.212048,0.214458,0.187952,0.175904,0.166265,0.224096,0.159036,0.159036,0.171084,0.204819,0.178313,0.159036,0.221687,0.20241,0.190361,0.207229,0.180723,0.214458,0.2,0.178313,0.173494
第273回,2018-07-13,0.182692,0.149038,0.173077,0.192308,0.168269,0.177885,0.194712,0.199519,0.209135,0.201923,0.197115,0.180288,0.201923,0.201923,0.211538,0.175481,0.211538,0.213942,0.1875,0.175481,0.168269,0.223558,0.161058,0.158654,0.170673,0.206731,0.177885,0.158654,0.221154,0.201923,0.189904,0.209135,0.180288,0.216346,0.199519,0.177885,0.173077
第272回,2018-07-06,0.182254,0.151079,0.172662,0.191847,0.170264,0.177458,0.194245,0.201439,0.208633,0.201439,0.196643,0.179856,0.201439,0.201439,0.213429,0.17506,0.211031,0.215827,0.18705,0.17506,0.167866,0.223022,0.160671,0.158273,0.170264,0.208633,0.177458,0.158273,0.220624,0.201439,0.191847,0.208633,0.179856,0.215827,0.199041,0.177458,0.172662
第271回,2018-06-29,0.184211,0.150718,0.172249,0.191388,0.169856,0.177033,0.19378,0.200957,0.210526,0.200957,0.196172,0.179426,0.200957,0.200957,0.215311,0.177033,0.210526,0.215311,0.188995,0.174641,0.167464,0.222488,0.160287,0.157895,0.169856,0.208134,0.177033,0.157895,0.220096,0.200957,0.191388,0.210526,0.179426,0.215311,0.200957,0.177033,0.172249
第270回,2018-06-22,0.186158,0.152745,0.171838,0.190931,0.169451,0.176611,0.193317,0.200477,0.210024,0.200477,0.198091,0.178998,0.202864,0.200477,0.217184,0.176611,0.210024,0.214797,0.188544,0.174224,0.167064,0.221957,0.159905,0.159905,0.171838,0.207637,0.176611,0.157518,0.21957,0.200477,0.190931,0.210024,0.178998,0.214797,0.200477,0.176611,0.171838
第269回,2018-06-15,0.188095,0.152381,0.171429,0.190476,0.169048,0.17619,0.192857,0.2,0.211905,0.2,0.197619,0.178571,0.202381,0.2,0.219048,0.17619,0.209524,0.214286,0.188095,0.17381,0.166667,0.221429,0.159524,0.161905,0.171429,0.207143,0.17619,0.157143,0.219048,0.2,0.192857,0.209524,0.180952,0.214286,0.2,0.178571,0.171429
第268回,2018-06-08,0.187648,0.152019,0.171021,0.192399,0.171021,0.175772,0.192399,0.199525,0.213777,0.199525,0.19715,0.178147,0.2019,0.199525,0.220903,0.175772,0.209026,0.213777,0.187648,0.173397,0.166271,0.220903,0.159145,0.16152,0.171021,0.206651,0.175772,0.15677,0.220903,0.199525,0.194774,0.209026,0.182898,0.213777,0.199525,0.178147,0.171021
第267回,2018-06-01,0.187204,0.151659,0.170616,0.191943,0.170616,0.175355,0.191943,0.201422,0.21327,0.199052,0.196682,0.177725,0.203791,0.199052,0.220379,0.175355,0.208531,0.21564,0.187204,0.175355,0.165877,0.220379,0.161137,0.161137,0.172986,0.208531,0.175355,0.156398,0.220379,0.199052,0.194313,0.208531,0.182464,0.21327,0.199052,0.177725,0.170616
第266回,2018-05-25,0.186761,0.1513,0.170213,0.191489,0.170213,0.177305,0.191489,0.200946,0.212766,0.198582,0.198582,0.177305,0.20331,0.198582,0.222222,0.174941,0.210402,0.21513,0.186761,0.177305,0.165485,0.219858,0.160757,0.160757,0.172577,0.208038,0.177305,0.156028,0.219858,0.198582,0.193853,0.210402,0.182033,0.212766,0.198582,0.177305,0.170213
第265回,2018-05-18,0.186321,0.150943,0.169811,0.191038,0.169811,0.176887,0.191038,0.200472,0.212264,0.198113,0.198113,0.179245,0.205189,0.198113,0.224057,0.174528,0.209906,0.214623,0.188679,0.176887,0.167453,0.21934,0.160377,0.162736,0.17217,0.207547,0.176887,0.15566,0.21934,0.198113,0.193396,0.209906,0.181604,0.212264,0.198113,0.179245,0.169811
第264回,2018-05-11,0.185882,0.150588,0.169412,0.190588,0.169412,0.176471,0.190588,0.202353,0.211765,0.197647,0.197647,0.178824,0.207059,0.197647,0.225882,0.174118,0.211765,0.214118,0.188235,0.176471,0.169412,0.218824,0.16,0.162353,0.171765,0.209412,0.176471,0.155294,0.221176,0.197647,0.192941,0.209412,0.181176,0.211765,0.197647,0.178824,0.169412
第263回,2018-05-04,0.187793,0.150235,0.169014,0.190141,0.171362,0.176056,0.190141,0.201878,0.211268,0.197183,0.199531,0.178404,0.206573,0.197183,0.225352,0.176056,0.211268,0.213615,0.187793,0.176056,0.169014,0.21831,0.159624,0.161972,0.171362,0.20892,0.178404,0.15493,0.220657,0.197183,0.192488,0.20892,0.180751,0.211268,0.199531,0.180751,0.169014
第262回,2018-04-27,0.187354,0.152225,0.168618,0.189696,0.17096,0.177986,0.192037,0.201405,0.213115,0.196721,0.199063,0.177986,0.206089,0.196721,0.224824,0.175644,0.210773,0.213115,0.189696,0.175644,0.168618,0.217799,0.161593,0.161593,0.17096,0.208431,0.177986,0.154567,0.220141,0.196721,0.192037,0.208431,0.180328,0.210773,0.199063,0.18267,0.168618
第261回,2018-04-20,0.186916,0.151869,0.168224,0.191589,0.170561,0.17757,0.191589,0.200935,0.212617,0.196262,0.198598,0.17757,0.205607,0.198598,0.226636,0.175234,0.212617,0.212617,0.189252,0.175234,0.170561,0.21729,0.163551,0.161215,0.170561,0.21028,0.17757,0.154206,0.219626,0.196262,0.191589,0.207944,0.179907,0.21028,0.198598,0.182243,0.168224
第260回,2018-04-13,0.18648,0.151515,0.167832,0.193473,0.170163,0.177156,0.191142,0.202797,0.212121,0.195804,0.198135,0.179487,0.205128,0.198135,0.226107,0.174825,0.212121,0.212121,0.188811,0.174825,0.170163,0.216783,0.165501,0.160839,0.170163,0.20979,0.177156,0.153846,0.221445,0.195804,0.193473,0.207459,0.179487,0.212121,0.198135,0.181818,0.167832
第259回,2018-04-06,0.186047,0.151163,0.167442,0.193023,0.172093,0.17907,0.190698,0.202326,0.211628,0.195349,0.197674,0.17907,0.204651,0.197674,0.227907,0.174419,0.211628,0.211628,0.190698,0.174419,0.169767,0.218605,0.165116,0.160465,0.169767,0.209302,0.176744,0.153488,0.223256,0.195349,0.193023,0.209302,0.17907,0.211628,0.197674,0.181395,0.167442
第258回,2018-03-30,0.187935,0.150812,0.169374,0.192575,0.171694,0.178654,0.190255,0.201856,0.211137,0.194896,0.199536,0.178654,0.204176,0.197216,0.227378,0.174014,0.211137,0.211137,0.190255,0.176334,0.169374,0.218097,0.167053,0.160093,0.169374,0.208817,0.176334,0.153132,0.222738,0.194896,0.192575,0.211137,0.178654,0.211137,0.199536,0.180974,0.167053
第257回,2018-03-23,0.1875,0.150463,0.168981,0.19213,0.173611,0.178241,0.189815,0.201389,0.210648,0.194444,0.199074,0.178241,0.203704,0.196759,0.229167,0.175926,0.210648,0.210648,0.189815,0.175926,0.168981,0.217593,0.166667,0.159722,0.168981,0.210648,0.178241,0.152778,0.222222,0.194444,0.19213,0.212963,0.178241,0.210648,0.201389,0.180556,0.166667
第256回,2018-03-16,0.187067,0.150115,0.168591,0.191686,0.17321,0.177829,0.189376,0.200924,0.210162,0.193995,0.198614,0.177829,0.203233,0.198614,0.228637,0.17552,0.210162,0.210162,0.189376,0.17552,0.170901,0.21709,0.166282,0.161663,0.168591,0.210162,0.180139,0.152425,0.221709,0.196305,0.191686,0.212471,0.180139,0.210162,0.200924,0.180139,0.168591
第255回,2018-03-09,0.18894,0.14977,0.168203,0.193548,0.172811,0.177419,0.18894,0.200461,0.209677,0.193548,0.200461,0.177419,0.205069,0.198157,0.230415,0.175115,0.209677,0.209677,0.18894,0.175115,0.172811,0.21659,0.165899,0.16129,0.168203,0.209677,0.179724,0.152074,0.221198,0.195853,0.191244,0.214286,0.179724,0.209677,0.200461,0.179724,0.168203
第254回,2018-03-02,0.190805,0.149425,0.167816,0.193103,0.172414,0.177011,0.188506,0.2,0.209195,0.193103,0.2,0.17931,0.204598,0.2,0.229885,0.174713,0.209195,0.211494,0.188506,0.174713,0.172414,0.216092,0.167816,0.163218,0.167816,0.209195,0.17931,0.151724,0.22069,0.195402,0.193103,0.213793,0.17931,0.209195,0.2,0.17931,0.167816
第253回,2018-02-23,0.190367,0.149083,0.167431,0.192661,0.172018,0.178899,0.190367,0.199541,0.211009,0.192661,0.199541,0.181193,0.204128,0.199541,0.231651,0.174312,0.211009,0.211009,0.188073,0.174312,0.172018,0.215596,0.167431,0.165138,0.167431,0.208716,0.178899,0.151376,0.220183,0.194954,0.192661,0.213303,0.178899,0.208716,0.199541,0.178899,0.167431
第252回,2018-02-16,0.189931,0.148741,0.167048,0.19222,0.171625,0.17849,0.189931,0.201373,0.210526,0.19222,0.199085,0.180778,0.203661,0.199085,0.231121,0.173913,0.210526,0.210526,0.187643,0.173913,0.171625,0.215103,0.169336,0.167048,0.169336,0.208238,0.180778,0.15103,0.21968,0.196796,0.194508,0.212815,0.17849,0.208238,0.199085,0.17849,0.167048
第251回,2018-02-09,0.191781,0.148402,0.166667,0.191781,0.171233,0.178082,0.189498,0.200913,0.210046,0.191781,0.19863,0.180365,0.203196,0.19863,0.232877,0.173516,0.210046,0.210046,0.187215,0.175799,0.171233,0.214612,0.16895,0.166667,0.16895,0.210046,0.180365,0.152968,0.219178,0.196347,0.194064,0.212329,0.178082,0.210046,0.19863,0.178082,0.16895
第250回,2018-02-02,0.191344,0.148064,0.166287,0.191344,0.173121,0.177677,0.189066,0.200456,0.211845,0.193622,0.198178,0.179954,0.205011,0.198178,0.232346,0.173121,0.209567,0.209567,0.186788,0.175399,0.170843,0.214123,0.168565,0.166287,0.168565,0.211845,0.179954,0.15262,0.218679,0.198178,0.193622,0.211845,0.177677,0.211845,0.198178,0.177677,0.168565
第249回,2018-01-26,0.190909,0.147727,0.165909,0.190909,0.172727,0.177273,0.188636,0.2,0.213636,0.193182,0.197727,0.179545,0.204545,0.197727,0.231818,0.172727,0.209091,0.209091,0.186364,0.177273,0.170455,0.213636,0.168182,0.165909,0.168182,0.211364,0.179545,0.154545,0.220455,0.197727,0.195455,0.211364,0.177273,0.213636,0.197727,0.177273,0.170455
第248回,2018-01-19,0.192744,0.147392,0.165533,0.190476,0.174603,0.179138,0.188209,0.199546,0.213152,0.192744,0.197279,0.179138,0.204082,0.197279,0.231293,0.172336,0.208617,0.208617,0.185941,0.176871,0.170068,0.21542,0.1678,0.165533,0.170068,0.210884,0.181406,0.154195,0.219955,0.197279,0.197279,0.210884,0.176871,0.213152,0.197279,0.176871,0.170068
第247回,2018-01-12,0.192308,0.147059,0.165158,0.190045,0.174208,0.178733,0.187783,0.199095,0.21267,0.19457,0.196833,0.180995,0.205882,0.196833,0.230769,0.174208,0.208145,0.208145,0.18552,0.176471,0.169683,0.214932,0.167421,0.165158,0.169683,0.210407,0.180995,0.153846,0.219457,0.196833,0.196833,0.210407,0.176471,0.214932,0.199095,0.178733,0.169683
第246回,2018-01-05,0.191874,0.146727,0.167043,0.189616,0.173815,0.180587,0.187359,0.198646,0.214447,0.194131,0.196388,0.180587,0.205418,0.196388,0.230248,0.173815,0.207675,0.207675,0.187359,0.176072,0.1693,0.214447,0.1693,0.164786,0.171558,0.209932,0.180587,0.153499,0.218962,0.196388,0.198646,0.209932,0.176072,0.214447,0.198646,0.17833,0.1693
第245回,2017-12-29,0.191441,0.148649,0.166667,0.189189,0.173423,0.18018,0.186937,0.20045,0.216216,0.193694,0.198198,0.18018,0.204955,0.195946,0.22973,0.173423,0.207207,0.207207,0.186937,0.175676,0.168919,0.213964,0.168919,0.166667,0.171171,0.211712,0.182432,0.153153,0.218468,0.195946,0.198198,0.209459,0.175676,0.213964,0.198198,0.177928,0.168919
第244回,2017-12-22,0.191011,0.150562,0.166292,0.188764,0.173034,0.179775,0.186517,0.2,0.217978,0.193258,0.197753,0.179775,0.204494,0.195506,0.229213,0.173034,0.208989,0.206742,0.186517,0.175281,0.168539,0.21573,0.168539,0.166292,0.170787,0.211236,0.182022,0.152809,0.217978,0.195506,0.197753,0.211236,0.175281,0.21573,0.197753,0.179775,0.168539
第243回,2017-12-15,0.190583,0.150224,0.165919,0.188341,0.172646,0.181614,0.186099,0.199552,0.219731,0.192825,0.197309,0.179372,0.206278,0.195067,0.2287,0.172646,0.20852,0.20852,0.186099,0.17713,0.168161,0.217489,0.168161,0.165919,0.170404,0.210762,0.181614,0.152466,0.217489,0.197309,0.197309,0.210762,0.174888,0.215247,0.197309,0.179372,0.168161
第242回,2017-12-08,0.192394,0.149888,0.165548,0.187919,0.174497,0.181208,0.185682,0.199105,0.219239,0.192394,0.196868,0.178971,0.208054,0.194631,0.228188,0.17226,0.210291,0.208054,0.185682,0.176734,0.167785,0.217002,0.167785,0.165548,0.170022,0.210291,0.181208,0.152125,0.217002,0.196868,0.199105,0.212528,0.174497,0.214765,0.199105,0.178971,0.167785
第241回,2017-12-01,0.191964,0.149554,0.165179,0.1875,0.176339,0.180804,0.185268,0.198661,0.21875,0.191964,0.198661,0.180804,0.207589,0.194196,0.227679,0.171875,0.209821,0.207589,0.1875,0.176339,0.169643,0.216518,0.167411,0.165179,0.169643,0.212054,0.180804,0.154018,0.216518,0.196429,0.198661,0.212054,0.174107,0.214286,0.198661,0.178571,0.167411
第240回,2017-11-24,0.191537,0.14922,0.164811,0.187082,0.175947,0.180401,0.184855,0.198218,0.22049,0.191537,0.198218,0.182628,0.207127,0.195991,0.227171,0.171492,0.209354,0.207127,0.187082,0.175947,0.169265,0.216036,0.167038,0.167038,0.169265,0.211581,0.180401,0.153675,0.218263,0.195991,0.200445,0.211581,0.173719,0.213808,0.200445,0.178174,0.167038
第239回,2017-11-17,0.191111,0.148889,0.164444,0.186667,0.175556,0.18,0.184444,0.2,0.22,0.191111,0.197778,0.182222,0.208889,0.195556,0.226667,0.171111,0.211111,0.206667,0.186667,0.175556,0.171111,0.215556,0.168889,0.166667,0.168889,0.211111,0.18,0.155556,0.217778,0.195556,0.2,0.211111,0.173333,0.213333,0.2,0.177778,0.168889
第238回,2017-11-10,0.190687,0.148559,0.166297,0.186253,0.175166,0.179601,0.184035,0.199557,0.219512,0.190687,0.197339,0.181818,0.208426,0.195122,0.226164,0.170732,0.210643,0.206208,0.186253,0.175166,0.172949,0.215078,0.168514,0.166297,0.168514,0.21286,0.179601,0.155211,0.217295,0.195122,0.199557,0.210643,0.175166,0.215078,0.201774,0.177384,0.170732
第237回,2017-11-03,0.190265,0.14823,0.168142,0.188053,0.174779,0.179204,0.185841,0.199115,0.219027,0.190265,0.196903,0.181416,0.207965,0.19469,0.225664,0.170354,0.210177,0.205752,0.188053,0.176991,0.174779,0.214602,0.168142,0.165929,0.168142,0.212389,0.179204,0.154867,0.219027,0.19469,0.199115,0.210177,0.174779,0.214602,0.201327,0.176991,0.170354
第236回,2017-10-27,0.189845,0.147903,0.16777,0.187638,0.174393,0.178808,0.18543,0.198675,0.218543,0.189845,0.196468,0.181015,0.207506,0.19426,0.225166,0.169978,0.209713,0.205298,0.189845,0.1766,0.174393,0.216336,0.169978,0.165563,0.16777,0.211921,0.178808,0.154525,0.218543,0.19426,0.198675,0.209713,0.174393,0.216336,0.203091,0.178808,0.172185
第235回,2017-10-20,0.189427,0.14978,0.167401,0.187225,0.174009,0.178414,0.185022,0.198238,0.220264,0.189427,0.196035,0.180617,0.209251,0.193833,0.22467,0.169604,0.209251,0.207048,0.189427,0.176211,0.176211,0.215859,0.169604,0.165198,0.167401,0.211454,0.178414,0.154185,0.218062,0.193833,0.198238,0.209251,0.176211,0.218062,0.202643,0.178414,0.171806
第234回,2017-10-13,0.189011,0.149451,0.167033,0.186813,0.173626,0.178022,0.186813,0.197802,0.21978,0.189011,0.195604,0.18022,0.208791,0.195604,0.226374,0.171429,0.208791,0.206593,0.189011,0.175824,0.175824,0.215385,0.171429,0.164835,0.169231,0.210989,0.178022,0.153846,0.217582,0.195604,0.197802,0.208791,0.175824,0.217582,0.202198,0.178022,0.171429
第233回,2017-10-06,0.188596,0.149123,0.16886,0.186404,0.173246,0.177632,0.186404,0.197368,0.219298,0.188596,0.195175,0.179825,0.210526,0.195175,0.225877,0.171053,0.210526,0.20614,0.188596,0.175439,0.175439,0.214912,0.171053,0.164474,0.171053,0.212719,0.179825,0.153509,0.219298,0.195175,0.197368,0.208333,0.175439,0.217105,0.201754,0.177632,0.171053
第232回,2017-09-29,0.188184,0.150985,0.16849,0.188184,0.172867,0.177243,0.188184,0.196937,0.221007,0.188184,0.194748,0.179431,0.210066,0.194748,0.227571,0.170678,0.210066,0.205689,0.188184,0.175055,0.175055,0.214442,0.170678,0.164114,0.170678,0.212254,0.179431,0.153173,0.218818,0.194748,0.196937,0.207877,0.175055,0.21663,0.203501,0.177243,0.172867
第231回,2017-09-22,0.187773,0.150655,0.168122,0.189956,0.172489,0.176856,0.187773,0.196507,0.220524,0.187773,0.194323,0.179039,0.209607,0.194323,0.229258,0.170306,0.209607,0.207424,0.187773,0.174672,0.174672,0.213974,0.170306,0.165939,0.172489,0.21179,0.179039,0.152838,0.218341,0.194323,0.196507,0.207424,0.174672,0.218341,0.203057,0.179039,0.172489
第230回,2017-09-15,0.187364,0.150327,0.169935,0.189542,0.174292,0.176471,0.187364,0.198257,0.220044,0.187364,0.1939,0.178649,0.20915,0.1939,0.230937,0.169935,0.20915,0.206972,0.187364,0.174292,0.174292,0.215686,0.169935,0.165577,0.174292,0.211329,0.180828,0.152505,0.217865,0.1939,0.196078,0.206972,0.174292,0.217865,0.202614,0.178649,0.172113
第229回,2017-09-08,0.186957,0.152174,0.171739,0.18913,0.173913,0.176087,0.186957,0.197826,0.221739,0.186957,0.193478,0.178261,0.208696,0.193478,0.230435,0.169565,0.208696,0.206522,0.186957,0.173913,0.173913,0.215217,0.169565,0.165217,0.173913,0.21087,0.180435,0.152174,0.217391,0.195652,0.195652,0.206522,0.176087,0.217391,0.202174,0.180435,0.173913
第228回,2017-09-01,0.186551,0.151844,0.171367,0.18872,0.173536,0.177874,0.186551,0.197397,0.221258,0.186551,0.195228,0.177874,0.208243,0.195228,0.229935,0.169197,0.208243,0.206074,0.186551,0.173536,0.175705,0.214751,0.169197,0.167028,0.173536,0.210412,0.180043,0.154013,0.21692,0.195228,0.197397,0.206074,0.175705,0.21692,0.201735,0.180043,0.173536
第227回,2017-08-25,0.186147,0.15368,0.17316,0.188312,0.17316,0.177489,0.188312,0.19697,0.222944,0.186147,0.194805,0.177489,0.207792,0.194805,0.229437,0.168831,0.207792,0.205628,0.186147,0.17316,0.175325,0.21645,0.170996,0.166667,0.17316,0.212121,0.179654,0.15368,0.21645,0.194805,0.19697,0.205628,0.175325,0.21645,0.201299,0.179654,0.17316
第226回,2017-08-18,0.185745,0.153348,0.172786,0.187905,0.172786,0.177106,0.187905,0.196544,0.222462,0.185745,0.194384,0.179266,0.207343,0.194384,0.228942,0.168467,0.209503,0.205184,0.185745,0.172786,0.177106,0.215983,0.170626,0.168467,0.172786,0.213823,0.179266,0.153348,0.215983,0.196544,0.196544,0.207343,0.174946,0.215983,0.200864,0.179266,0.172786
第225回,2017-08-11,0.185345,0.153017,0.172414,0.1875,0.172414,0.176724,0.1875,0.196121,0.221983,0.185345,0.193966,0.178879,0.209052,0.193966,0.230603,0.168103,0.211207,0.206897,0.185345,0.174569,0.178879,0.215517,0.170259,0.168103,0.172414,0.215517,0.178879,0.153017,0.215517,0.196121,0.196121,0.206897,0.174569,0.215517,0.200431,0.178879,0.172414
第224回,2017-08-04,0.184946,0.154839,0.172043,0.189247,0.172043,0.176344,0.189247,0.195699,0.221505,0.187097,0.193548,0.180645,0.208602,0.193548,0.230108,0.167742,0.210753,0.206452,0.184946,0.174194,0.178495,0.215054,0.169892,0.167742,0.172043,0.215054,0.178495,0.152688,0.217204,0.195699,0.195699,0.206452,0.174194,0.217204,0.2,0.178495,0.172043
第223回,2017-07-28,0.184549,0.154506,0.171674,0.188841,0.171674,0.175966,0.188841,0.195279,0.22103,0.188841,0.193133,0.180258,0.2103,0.193133,0.229614,0.167382,0.2103,0.206009,0.186695,0.17382,0.180258,0.214592,0.169528,0.167382,0.171674,0.216738,0.178112,0.152361,0.216738,0.195279,0.195279,0.206009,0.175966,0.218884,0.199571,0.178112,0.171674
第222回,2017-07-21,0.184154,0.154176,0.173448,0.188437,0.171306,0.175589,0.188437,0.194861,0.222698,0.188437,0.192719,0.179872,0.20985,0.192719,0.229122,0.167024,0.20985,0.207709,0.186296,0.173448,0.182013,0.214133,0.171306,0.167024,0.171306,0.216274,0.179872,0.152034,0.218415,0.194861,0.194861,0.205567,0.175589,0.218415,0.199143,0.17773,0.171306
第221回,2017-07-14,0.185897,0.155983,0.173077,0.188034,0.17094,0.175214,0.188034,0.194444,0.224359,0.188034,0.194444,0.179487,0.209402,0.192308,0.228632,0.166667,0.211538,0.207265,0.185897,0.173077,0.181624,0.213675,0.17094,0.166667,0.17094,0.215812,0.179487,0.151709,0.217949,0.196581,0.194444,0.205128,0.175214,0.217949,0.200855,0.17735,0.17094
第220回,2017-07-07,0.185501,0.15565,0.172708,0.187633,0.170576,0.17484,0.189765,0.19403,0.226013,0.187633,0.196162,0.179104,0.208955,0.191898,0.228145,0.166311,0.211087,0.208955,0.185501,0.172708,0.181237,0.21322,0.170576,0.166311,0.172708,0.215352,0.179104,0.153518,0.217484,0.196162,0.19403,0.204691,0.17484,0.217484,0.202559,0.176972,0.170576
第219回,2017-06-30,0.185106,0.155319,0.17234,0.187234,0.170213,0.176596,0.189362,0.193617,0.22766,0.187234,0.195745,0.178723,0.210638,0.193617,0.22766,0.165957,0.210638,0.208511,0.185106,0.17234,0.182979,0.212766,0.170213,0.165957,0.174468,0.214894,0.178723,0.153191,0.217021,0.195745,0.195745,0.204255,0.174468,0.217021,0.202128,0.176596,0.170213
第218回,2017-06-23,0.184713,0.154989,0.171975,0.186837,0.169851,0.176221,0.18896,0.193206,0.227176,0.186837,0.195329,0.178344,0.210191,0.193206,0.229299,0.167728,0.212314,0.208068,0.184713,0.171975,0.184713,0.212314,0.169851,0.165605,0.174098,0.216561,0.178344,0.152866,0.218684,0.197452,0.195329,0.203822,0.174098,0.216561,0.201699,0.176221,0.169851
第217回,2017-06-16,0.184322,0.154661,0.17161,0.188559,0.169492,0.177966,0.188559,0.192797,0.226695,0.186441,0.194915,0.177966,0.209746,0.192797,0.228814,0.167373,0.211864,0.207627,0.184322,0.17161,0.184322,0.211864,0.169492,0.165254,0.173729,0.21822,0.180085,0.154661,0.21822,0.197034,0.194915,0.20339,0.173729,0.216102,0.20339,0.177966,0.169492
第216回,2017-06-09,0.183932,0.154334,0.171247,0.188161,0.169133,0.17759,0.188161,0.192389,0.22833,0.186047,0.194503,0.17759,0.209302,0.194503,0.22833,0.167019,0.211416,0.207188,0.183932,0.171247,0.183932,0.213531,0.169133,0.167019,0.175476,0.217759,0.179704,0.154334,0.217759,0.196617,0.194503,0.20296,0.173362,0.215645,0.20296,0.179704,0.171247
第215回,2017-06-02,0.183544,0.154008,0.170886,0.187764,0.168776,0.177215,0.187764,0.191983,0.227848,0.185654,0.196203,0.179325,0.21097,0.194093,0.227848,0.166667,0.21097,0.206751,0.183544,0.170886,0.185654,0.21308,0.168776,0.166667,0.175105,0.2173,0.179325,0.154008,0.219409,0.196203,0.194093,0.202532,0.172996,0.21519,0.202532,0.181435,0.172996
第214回,2017-05-26,0.183158,0.155789,0.170526,0.187368,0.168421,0.178947,0.187368,0.191579,0.229474,0.185263,0.195789,0.181053,0.210526,0.193684,0.227368,0.166316,0.210526,0.206316,0.183158,0.170526,0.185263,0.212632,0.168421,0.166316,0.174737,0.216842,0.178947,0.153684,0.218947,0.195789,0.195789,0.202105,0.172632,0.214737,0.202105,0.183158,0.174737
第213回,2017-05-19,0.182773,0.155462,0.170168,0.186975,0.170168,0.178571,0.186975,0.191176,0.228992,0.184874,0.195378,0.180672,0.212185,0.193277,0.228992,0.165966,0.210084,0.207983,0.184874,0.170168,0.184874,0.212185,0.168067,0.168067,0.17437,0.216387,0.178571,0.153361,0.218487,0.195378,0.195378,0.201681,0.172269,0.214286,0.203782,0.182773,0.17437
第212回,2017-05-12,0.18239,0.155136,0.169811,0.188679,0.169811,0.180294,0.186583,0.190776,0.228512,0.186583,0.194969,0.180294,0.21174,0.192872,0.228512,0.165618,0.209644,0.207547,0.186583,0.171908,0.184486,0.21174,0.167715,0.169811,0.174004,0.215933,0.178197,0.15304,0.220126,0.194969,0.194969,0.201258,0.171908,0.213836,0.203354,0.18239,0.174004
第211回,2017-05-05,0.182008,0.154812,0.169456,0.188285,0.169456,0.179916,0.188285,0.190377,0.228033,0.186192,0.194561,0.179916,0.211297,0.192469,0.230126,0.165272,0.209205,0.207113,0.186192,0.171548,0.1841,0.213389,0.167364,0.169456,0.175732,0.215481,0.177824,0.15272,0.219665,0.194561,0.196653,0.202929,0.171548,0.213389,0.205021,0.182008,0.17364
第210回,2017-04-28,0.181628,0.156576,0.169102,0.189979,0.169102,0.181628,0.187891,0.189979,0.227557,0.185804,0.196242,0.179541,0.210856,0.192067,0.231733,0.164927,0.208768,0.206681,0.187891,0.17119,0.183716,0.212944,0.167015,0.169102,0.175365,0.215031,0.177453,0.152401,0.219207,0.194154,0.196242,0.202505,0.17119,0.212944,0.204593,0.183716,0.173278
第209回,2017-04-21,0.18125,0.15625,0.170833,0.191667,0.16875,0.183333,0.1875,0.189583,0.227083,0.185417,0.195833,0.179167,0.2125,0.191667,0.23125,0.164583,0.208333,0.20625,0.1875,0.170833,0.183333,0.214583,0.166667,0.16875,0.175,0.214583,0.177083,0.152083,0.21875,0.19375,0.197917,0.202083,0.170833,0.2125,0.204167,0.185417,0.172917
第208回,2017-04-14,0.180873,0.155925,0.170478,0.193347,0.168399,0.182952,0.18711,0.189189,0.226611,0.185031,0.195426,0.178794,0.214137,0.191268,0.230769,0.16632,0.2079,0.2079,0.18711,0.170478,0.182952,0.216216,0.16632,0.168399,0.174636,0.216216,0.176715,0.151767,0.218295,0.193347,0.197505,0.201663,0.172557,0.212058,0.203742,0.185031,0.172557
第207回,2017-04-07,0.180498,0.155602,0.170124,0.195021,0.170124,0.182573,0.186722,0.188797,0.226141,0.186722,0.195021,0.178423,0.215768,0.190871,0.23029,0.165975,0.207469,0.207469,0.186722,0.170124,0.182573,0.215768,0.165975,0.16805,0.174274,0.215768,0.176349,0.153527,0.217842,0.192946,0.197095,0.20332,0.174274,0.211618,0.20332,0.184647,0.172199
第206回,2017-03-31,0.182195,0.15528,0.169772,0.194617,0.169772,0.184265,0.188406,0.188406,0.225673,0.186335,0.196687,0.178054,0.215321,0.190476,0.229814,0.165631,0.207039,0.207039,0.186335,0.169772,0.182195,0.215321,0.165631,0.167702,0.173913,0.215321,0.178054,0.153209,0.217391,0.192547,0.196687,0.202899,0.173913,0.21118,0.204969,0.186335,0.171843
第205回,2017-03-24,0.181818,0.154959,0.169421,0.196281,0.171488,0.183884,0.188017,0.188017,0.225207,0.18595,0.196281,0.177686,0.214876,0.190083,0.229339,0.165289,0.206612,0.206612,0.188017,0.169421,0.181818,0.214876,0.165289,0.167355,0.173554,0.214876,0.177686,0.152893,0.216942,0.192149,0.198347,0.202479,0.173554,0.210744,0.206612,0.188017,0.173554
第204回,2017-03-17,0.181443,0.154639,0.169072,0.195876,0.173196,0.183505,0.187629,0.187629,0.224742,0.185567,0.195876,0.17732,0.214433,0.189691,0.228866,0.164948,0.206186,0.206186,0.189691,0.171134,0.183505,0.214433,0.164948,0.16701,0.173196,0.214433,0.17732,0.152577,0.216495,0.193814,0.197938,0.202062,0.173196,0.212371,0.206186,0.189691,0.173196
第203回,2017-03-10,0.18107,0.154321,0.168724,0.195473,0.17284,0.185185,0.187243,0.187243,0.22428,0.185185,0.195473,0.176955,0.216049,0.1893,0.228395,0.164609,0.207819,0.205761,0.1893,0.170782,0.183128,0.216049,0.164609,0.166667,0.17284,0.213992,0.176955,0.152263,0.216049,0.193416,0.197531,0.203704,0.174897,0.211934,0.205761,0.191358,0.17284
第202回,2017-03-03,0.180698,0.154004,0.170431,0.195072,0.172485,0.184805,0.188912,0.186858,0.223819,0.184805,0.197125,0.176591,0.215606,0.188912,0.227926,0.166324,0.207392,0.205339,0.188912,0.170431,0.182752,0.217659,0.164271,0.166324,0.172485,0.213552,0.176591,0.151951,0.215606,0.193018,0.197125,0.203285,0.174538,0.213552,0.205339,0.190965,0.174538
第201回,2017-02-24,0.180328,0.153689,0.170082,0.194672,0.172131,0.184426,0.188525,0.188525,0.223361,0.184426,0.19877,0.17623,0.215164,0.188525,0.227459,0.165984,0.209016,0.204918,0.188525,0.170082,0.182377,0.217213,0.163934,0.168033,0.172131,0.213115,0.17623,0.153689,0.215164,0.192623,0.19877,0.204918,0.17418,0.213115,0.204918,0.190574,0.17418
第200回,2017-02-17,0.179959,0.153374,0.169734,0.194274,0.171779,0.184049,0.188139,0.188139,0.222904,0.184049,0.198364,0.175869,0.216769,0.190184,0.226994,0.165644,0.210634,0.204499,0.188139,0.169734,0.184049,0.216769,0.163599,0.167689,0.171779,0.212679,0.177914,0.155419,0.214724,0.192229,0.198364,0.204499,0.173824,0.214724,0.204499,0.190184,0.173824
第199回,2017-02-10,0.181633,0.153061,0.169388,0.193878,0.171429,0.183673,0.187755,0.187755,0.22449,0.183673,0.197959,0.17551,0.216327,0.189796,0.226531,0.165306,0.212245,0.204082,0.187755,0.171429,0.183673,0.218367,0.163265,0.167347,0.171429,0.212245,0.177551,0.157143,0.216327,0.191837,0.197959,0.204082,0.173469,0.214286,0.204082,0.189796,0.173469
第198回,2017-02-03,0.181263,0.152749,0.169043,0.193483,0.171079,0.183299,0.187373,0.187373,0.224033,0.183299,0.197556,0.175153,0.215886,0.189409,0.226069,0.164969,0.211813,0.205703,0.187373,0.171079,0.185336,0.217923,0.162933,0.167006,0.171079,0.211813,0.177189,0.156823,0.215886,0.191446,0.199593,0.205703,0.175153,0.213849,0.203666,0.191446,0.175153
第197回,2017-01-27,0.180894,0.152439,0.168699,0.193089,0.170732,0.184959,0.186992,0.189024,0.223577,0.184959,0.197154,0.176829,0.215447,0.189024,0.22561,0.166667,0.211382,0.205285,0.186992,0.170732,0.186992,0.21748,0.162602,0.166667,0.170732,0.211382,0.176829,0.158537,0.215447,0.191057,0.199187,0.205285,0.174797,0.213415,0.203252,0.191057,0.174797
第196回,2017-01-20,0.180527,0.15213,0.168357,0.192698,0.170385,0.184584,0.188641,0.188641,0.223124,0.184584,0.196755,0.176471,0.217039,0.188641,0.227181,0.166329,0.210953,0.204868,0.186613,0.170385,0.186613,0.217039,0.162272,0.166329,0.172414,0.210953,0.176471,0.158215,0.21501,0.192698,0.198783,0.206897,0.174442,0.212982,0.20284,0.190669,0.176471
第195回,2017-01-13,0.180162,0.151822,0.168016,0.194332,0.17004,0.184211,0.190283,0.188259,0.222672,0.184211,0.196356,0.178138,0.216599,0.188259,0.226721,0.165992,0.210526,0.204453,0.186235,0.172065,0.186235,0.216599,0.163968,0.168016,0.172065,0.210526,0.176113,0.157895,0.214575,0.192308,0.200405,0.206478,0.174089,0.212551,0.202429,0.190283,0.176113
第194回,2017-01-06,0.179798,0.151515,0.169697,0.193939,0.169697,0.185859,0.189899,0.187879,0.222222,0.183838,0.19596,0.177778,0.216162,0.187879,0.226263,0.165657,0.210101,0.20404,0.185859,0.171717,0.185859,0.216162,0.163636,0.167677,0.171717,0.210101,0.177778,0.157576,0.214141,0.193939,0.20202,0.208081,0.173737,0.212121,0.20202,0.191919,0.175758
第193回,2016-12-30,0.179435,0.15121,0.169355,0.195565,0.169355,0.1875,0.189516,0.1875,0.221774,0.183468,0.195565,0.177419,0.215726,0.1875,0.225806,0.165323,0.209677,0.203629,0.185484,0.173387,0.1875,0.217742,0.163306,0.169355,0.171371,0.209677,0.177419,0.157258,0.21371,0.193548,0.203629,0.207661,0.173387,0.211694,0.201613,0.191532,0.175403
第192回,2016-12-23,0.179074,0.150905,0.169014,0.195171,0.169014,0.187123,0.189135,0.187123,0.221328,0.183099,0.195171,0.179074,0.217304,0.189135,0.225352,0.16499,0.209256,0.203219,0.187123,0.173038,0.187123,0.217304,0.162978,0.169014,0.173038,0.209256,0.177062,0.156942,0.21328,0.193159,0.203219,0.207243,0.17505,0.21328,0.201207,0.191147,0.17505
第191回,2016-12-16,0.178715,0.150602,0.168675,0.194779,0.168675,0.186747,0.188755,0.188755,0.220884,0.182731,0.194779,0.178715,0.216867,0.188755,0.226908,0.164659,0.208835,0.202811,0.186747,0.172691,0.188755,0.216867,0.162651,0.170683,0.172691,0.210843,0.178715,0.156627,0.214859,0.192771,0.202811,0.206827,0.174699,0.212851,0.200803,0.190763,0.174699
第190回,2016-12-09,0.178357,0.152305,0.168337,0.194389,0.168337,0.186373,0.188377,0.188377,0.220441,0.182365,0.196393,0.180361,0.216433,0.188377,0.226453,0.164329,0.208417,0.204409,0.186373,0.172345,0.190381,0.216433,0.162325,0.170341,0.172345,0.210421,0.178357,0.156313,0.214429,0.192385,0.202405,0.206413,0.176353,0.212425,0.200401,0.192385,0.174349
第189回,2016-12-02,0.178,0.152,0.17,0.194,0.168,0.186,0.19,0.19,0.22,0.184,0.196,0.18,0.216,0.188,0.226,0.164,0.208,0.206,0.186,0.172,0.19,0.216,0.164,0.17,0.172,0.21,0.178,0.156,0.214,0.192,0.202,0.206,0.176,0.212,0.202,0.192,0.174
第188回,2016-11-25,0.177645,0.151697,0.169661,0.193613,0.167665,0.187625,0.189621,0.189621,0.219561,0.183633,0.195609,0.179641,0.215569,0.187625,0.227545,0.163673,0.207585,0.205589,0.187625,0.171657,0.189621,0.215569,0.163673,0.169661,0.173653,0.211577,0.177645,0.155689,0.213573,0.193613,0.203593,0.205589,0.175649,0.211577,0.201597,0.191617,0.173653
第187回,2016-11-18,0.177291,0.151394,0.169323,0.195219,0.167331,0.189243,0.189243,0.189243,0.219124,0.185259,0.195219,0.179283,0.215139,0.187251,0.227092,0.163347,0.207171,0.205179,0.187251,0.171315,0.189243,0.215139,0.165339,0.171315,0.173307,0.211155,0.177291,0.155378,0.213147,0.193227,0.203187,0.207171,0.175299,0.211155,0.201195,0.193227,0.173307
第186回,2016-11-11,0.176938,0.151093,0.168986,0.194831,0.168986,0.188867,0.188867,0.188867,0.218688,0.184891,0.194831,0.178926,0.214712,0.188867,0.22664,0.16501,0.206759,0.204771,0.188867,0.170974,0.188867,0.214712,0.16501,0.170974,0.172962,0.210736,0.176938,0.15507,0.212724,0.192843,0.204771,0.206759,0.176938,0.210736,0.200795,0.192843,0.17495
第185回,2016-11-04,0.178571,0.152778,0.168651,0.196429,0.168651,0.188492,0.188492,0.188492,0.218254,0.184524,0.194444,0.178571,0.214286,0.188492,0.22619,0.166667,0.206349,0.204365,0.188492,0.170635,0.188492,0.214286,0.164683,0.170635,0.172619,0.212302,0.176587,0.154762,0.214286,0.19246,0.204365,0.206349,0.176587,0.212302,0.200397,0.19246,0.174603
第184回,2016-10-28,0.178218,0.152475,0.168317,0.19604,0.168317,0.188119,0.190099,0.188119,0.217822,0.184158,0.194059,0.178218,0.213861,0.190099,0.225743,0.166337,0.205941,0.205941,0.188119,0.170297,0.188119,0.215842,0.166337,0.170297,0.172277,0.213861,0.176238,0.154455,0.213861,0.192079,0.20396,0.205941,0.176238,0.213861,0.2,0.192079,0.174257
第183回,2016-10-21,0.177866,0.152174,0.167984,0.195652,0.167984,0.189723,0.189723,0.187747,0.217391,0.183794,0.193676,0.177866,0.213439,0.189723,0.227273,0.166008,0.205534,0.205534,0.187747,0.171937,0.187747,0.215415,0.166008,0.16996,0.171937,0.215415,0.175889,0.15415,0.213439,0.1917,0.203557,0.205534,0.177866,0.215415,0.199605,0.1917,0.175889
第182回,2016-10-14,0.179487,0.151874,0.167653,0.195266,0.167653,0.189349,0.191321,0.187377,0.216963,0.185404,0.195266,0.177515,0.213018,0.189349,0.226824,0.16568,0.205128,0.205128,0.187377,0.17357,0.187377,0.21499,0.167653,0.169625,0.171598,0.21499,0.175542,0.153846,0.213018,0.193294,0.203156,0.205128,0.177515,0.21499,0.199211,0.191321,0.175542
第181回,2016-10-07,0.179134,0.151575,0.167323,0.194882,0.167323,0.188976,0.192913,0.188976,0.216535,0.187008,0.194882,0.177165,0.214567,0.188976,0.226378,0.165354,0.204724,0.204724,0.188976,0.173228,0.187008,0.214567,0.169291,0.17126,0.17126,0.214567,0.175197,0.153543,0.212598,0.192913,0.202756,0.204724,0.177165,0.214567,0.198819,0.190945,0.175197
第180回,2016-09-30,0.180747,0.151277,0.166994,0.194499,0.166994,0.188605,0.192534,0.19057,0.21611,0.18664,0.196464,0.176817,0.214145,0.188605,0.225933,0.165029,0.204322,0.204322,0.188605,0.172888,0.188605,0.214145,0.170923,0.170923,0.172888,0.214145,0.174853,0.155206,0.212181,0.192534,0.202358,0.204322,0.176817,0.214145,0.198428,0.19057,0.174853
第179回,2016-09-23,0.180392,0.15098,0.166667,0.196078,0.166667,0.188235,0.192157,0.190196,0.217647,0.186275,0.196078,0.178431,0.215686,0.188235,0.22549,0.164706,0.203922,0.203922,0.188235,0.172549,0.188235,0.215686,0.170588,0.170588,0.172549,0.215686,0.17451,0.154902,0.211765,0.192157,0.201961,0.203922,0.176471,0.213725,0.198039,0.192157,0.17451
第178回,2016-09-16,0.180039,0.150685,0.166341,0.195695,0.166341,0.189824,0.191781,0.189824,0.219178,0.18591,0.197652,0.178082,0.215264,0.187867,0.227006,0.164384,0.203523,0.203523,0.187867,0.172211,0.187867,0.215264,0.170254,0.170254,0.172211,0.217221,0.174168,0.154599,0.21135,0.191781,0.201566,0.203523,0.176125,0.215264,0.197652,0.193738,0.174168
第177回,2016-09-09,0.179688,0.150391,0.166016,0.195312,0.166016,0.189453,0.191406,0.189453,0.220703,0.185547,0.197266,0.177734,0.214844,0.1875,0.228516,0.164062,0.203125,0.203125,0.189453,0.171875,0.1875,0.214844,0.171875,0.169922,0.173828,0.216797,0.173828,0.154297,0.210938,0.191406,0.201172,0.203125,0.175781,0.216797,0.197266,0.195312,0.173828
第176回,2016-09-02,0.181287,0.150097,0.165692,0.194932,0.165692,0.189084,0.191033,0.189084,0.220273,0.185185,0.19883,0.179337,0.214425,0.187135,0.22807,0.163743,0.204678,0.202729,0.189084,0.17154,0.187135,0.216374,0.17154,0.169591,0.173489,0.216374,0.173489,0.153996,0.210526,0.192982,0.20078,0.202729,0.175439,0.216374,0.19883,0.194932,0.173489
第175回,2016-08-26,0.180934,0.149805,0.16537,0.194553,0.16537,0.190661,0.190661,0.188716,0.219844,0.184825,0.198444,0.178988,0.214008,0.18677,0.227626,0.163424,0.206226,0.202335,0.188716,0.171206,0.188716,0.215953,0.171206,0.169261,0.173152,0.215953,0.173152,0.153696,0.210117,0.192607,0.202335,0.202335,0.177043,0.215953,0.200389,0.194553,0.175097
第174回,2016-08-19,0.180583,0.149515,0.165049,0.194175,0.165049,0.190291,0.190291,0.18835,0.219417,0.186408,0.198058,0.178641,0.215534,0.18835,0.229126,0.163107,0.205825,0.201942,0.18835,0.170874,0.18835,0.215534,0.172816,0.168932,0.172816,0.215534,0.172816,0.153398,0.209709,0.192233,0.203883,0.203883,0.176699,0.215534,0.2,0.194175,0.174757
第173回,2016-08-12,0.180233,0.149225,0.164729,0.193798,0.164729,0.189922,0.19186,0.187984,0.22093,0.186047,0.197674,0.178295,0.215116,0.187984,0.228682,0.162791,0.205426,0.20155,0.189922,0.170543,0.187984,0.217054,0.172481,0.170543,0.172481,0.215116,0.174419,0.153101,0.209302,0.193798,0.203488,0.203488,0.176357,0.215116,0.199612,0.193798,0.174419
第172回,2016-08-05,0.179884,0.148936,0.16441,0.193424,0.166344,0.189555,0.191489,0.187621,0.220503,0.185687,0.197292,0.17795,0.2147,0.187621,0.22824,0.162476,0.205029,0.201161,0.189555,0.172147,0.189555,0.216634,0.172147,0.170213,0.172147,0.2147,0.176015,0.152805,0.208897,0.195358,0.205029,0.203095,0.176015,0.2147,0.199226,0.195358,0.174081
第171回,2016-07-29,0.181467,0.150579,0.164093,0.19305,0.166023,0.19112,0.19112,0.187259,0.220077,0.185328,0.196911,0.177606,0.214286,0.187259,0.227799,0.162162,0.204633,0.200772,0.189189,0.171815,0.19112,0.216216,0.173745,0.169884,0.171815,0.214286,0.177606,0.15444,0.208494,0.194981,0.204633,0.202703,0.175676,0.214286,0.198842,0.194981,0.173745
第170回,2016-07-22,0.181118,0.150289,0.165703,0.192678,0.16763,0.192678,0.190751,0.186898,0.22158,0.184971,0.196532,0.177264,0.213873,0.186898,0.22736,0.16185,0.204239,0.200385,0.188825,0.171484,0.190751,0.2158,0.17341,0.169557,0.171484,0.213873,0.179191,0.154143,0.208092,0.194605,0.204239,0.204239,0.175337,0.213873,0.198459,0.196532,0.17341
第169回,2016-07-15,0.182692,0.15,0.165385,0.192308,0.169231,0.192308,0.190385,0.186538,0.221154,0.186538,0.196154,0.176923,0.213462,0.186538,0.226923,0.161538,0.203846,0.2,0.188462,0.173077,0.192308,0.215385,0.173077,0.169231,0.171154,0.213462,0.178846,0.155769,0.207692,0.196154,0.203846,0.203846,0.175,0.213462,0.198077,0.196154,0.173077
第168回,2016-07-08,0.182342,0.149712,0.166987,0.191939,0.168906,0.191939,0.190019,0.18618,0.222649,0.18618,0.195777,0.178503,0.213052,0.1881,0.226488,0.161228,0.203455,0.199616,0.190019,0.174664,0.191939,0.214971,0.172745,0.168906,0.170825,0.213052,0.178503,0.15547,0.207294,0.195777,0.203455,0.203455,0.174664,0.213052,0.197697,0.197697,0.172745
第167回,2016-07-01,0.183908,0.149425,0.168582,0.191571,0.170498,0.191571,0.191571,0.185824,0.222222,0.187739,0.195402,0.178161,0.212644,0.187739,0.226054,0.16092,0.203065,0.199234,0.189655,0.17433,0.191571,0.214559,0.172414,0.168582,0.170498,0.214559,0.178161,0.155172,0.206897,0.195402,0.203065,0.203065,0.17433,0.212644,0.197318,0.199234,0.172414
第166回,2016-06-24,0.183556,0.14914,0.16826,0.191205,0.170172,0.191205,0.191205,0.185468,0.221797,0.18738,0.195029,0.17782,0.212237,0.189293,0.225621,0.160612,0.202677,0.198853,0.189293,0.175908,0.191205,0.214149,0.172084,0.16826,0.170172,0.214149,0.179732,0.154876,0.208413,0.196941,0.204589,0.202677,0.173996,0.212237,0.196941,0.198853,0.173996
第165回,2016-06-17,0.183206,0.148855,0.167939,0.19084,0.169847,0.19084,0.19084,0.185115,0.223282,0.187023,0.196565,0.177481,0.211832,0.19084,0.227099,0.162214,0.20229,0.200382,0.188931,0.175573,0.19084,0.21374,0.171756,0.167939,0.169847,0.21374,0.181298,0.15458,0.208015,0.196565,0.204198,0.20229,0.173664,0.211832,0.196565,0.198473,0.173664
第164回,2016-06-10,0.182857,0.148571,0.169524,0.190476,0.169524,0.190476,0.190476,0.184762,0.222857,0.186667,0.19619,0.177143,0.213333,0.190476,0.226667,0.161905,0.201905,0.2,0.188571,0.177143,0.190476,0.213333,0.173333,0.167619,0.169524,0.213333,0.180952,0.154286,0.207619,0.19619,0.205714,0.201905,0.173333,0.211429,0.198095,0.2,0.173333
第163回,2016-06-03,0.184411,0.15019,0.169202,0.190114,0.169202,0.192015,0.190114,0.184411,0.222433,0.186312,0.195817,0.176806,0.212928,0.190114,0.226236,0.163498,0.201521,0.19962,0.188213,0.176806,0.190114,0.212928,0.173004,0.1673,0.169202,0.212928,0.180608,0.155894,0.207224,0.197719,0.207224,0.201521,0.173004,0.211027,0.197719,0.19962,0.173004
第162回,2016-05-27,0.184061,0.151803,0.16888,0.189753,0.16888,0.191651,0.191651,0.185958,0.222011,0.185958,0.195446,0.178368,0.212524,0.191651,0.225806,0.163188,0.201139,0.199241,0.187856,0.176471,0.189753,0.212524,0.174573,0.166983,0.16888,0.212524,0.182163,0.155598,0.206831,0.197343,0.206831,0.201139,0.172676,0.210626,0.197343,0.199241,0.172676
第161回,2016-05-20,0.183712,0.151515,0.168561,0.189394,0.168561,0.191288,0.191288,0.1875,0.221591,0.185606,0.195076,0.17803,0.212121,0.193182,0.225379,0.162879,0.202652,0.200758,0.1875,0.17803,0.189394,0.214015,0.174242,0.166667,0.168561,0.212121,0.181818,0.155303,0.206439,0.19697,0.206439,0.200758,0.172348,0.212121,0.19697,0.198864,0.172348
第160回,2016-05-13,0.185255,0.153119,0.168242,0.189036,0.168242,0.190926,0.190926,0.189036,0.221172,0.185255,0.194707,0.177694,0.21172,0.192817,0.224953,0.162571,0.202268,0.200378,0.187146,0.177694,0.189036,0.213611,0.173913,0.168242,0.168242,0.21172,0.181474,0.155009,0.206049,0.196597,0.206049,0.202268,0.172023,0.21172,0.196597,0.200378,0.173913
第159回,2016-05-06,0.184906,0.15283,0.167925,0.188679,0.167925,0.190566,0.190566,0.188679,0.220755,0.186792,0.19434,0.177358,0.211321,0.19434,0.224528,0.162264,0.203774,0.2,0.186792,0.177358,0.190566,0.213208,0.175472,0.167925,0.167925,0.211321,0.183019,0.154717,0.20566,0.196226,0.207547,0.201887,0.171698,0.211321,0.196226,0.2,0.173585
第158回,2016-04-29,0.184557,0.152542,0.169492,0.188324,0.167608,0.19209,0.19209,0.188324,0.220339,0.186441,0.193974,0.177024,0.210923,0.193974,0.224105,0.161959,0.20339,0.199623,0.186441,0.177024,0.190207,0.212806,0.175141,0.167608,0.167608,0.210923,0.182674,0.154426,0.205273,0.19774,0.207156,0.20339,0.171375,0.210923,0.195857,0.201507,0.175141
第157回,2016-04-22,0.184211,0.152256,0.169173,0.18797,0.169173,0.191729,0.191729,0.18797,0.221805,0.18609,0.193609,0.176692,0.210526,0.193609,0.223684,0.163534,0.203008,0.199248,0.18609,0.176692,0.18985,0.212406,0.174812,0.167293,0.167293,0.212406,0.182331,0.156015,0.206767,0.197368,0.206767,0.204887,0.171053,0.210526,0.195489,0.201128,0.174812
第156回,2016-04-15,0.183865,0.15197,0.168856,0.189493,0.168856,0.19137,0.19137,0.187617,0.223265,0.185741,0.193246,0.17636,0.210131,0.193246,0.223265,0.165103,0.202627,0.198874,0.187617,0.17636,0.189493,0.213884,0.174484,0.166979,0.166979,0.212008,0.181989,0.155722,0.206379,0.196998,0.206379,0.204503,0.172608,0.212008,0.195122,0.20075,0.174484
第155回,2016-04-08,0.183521,0.153558,0.168539,0.189139,0.168539,0.191011,0.191011,0.187266,0.224719,0.185393,0.192884,0.17603,0.21161,0.192884,0.222846,0.164794,0.202247,0.200375,0.187266,0.17603,0.189139,0.215356,0.174157,0.168539,0.166667,0.213483,0.181648,0.155431,0.205993,0.196629,0.205993,0.20412,0.172285,0.21161,0.194757,0.200375,0.174157
第154回,2016-04-01,0.183178,0.15514,0.168224,0.190654,0.168224,0.190654,0.190654,0.186916,0.224299,0.185047,0.192523,0.175701,0.211215,0.192523,0.22243,0.164486,0.201869,0.2,0.188785,0.175701,0.190654,0.214953,0.173832,0.170093,0.166355,0.213084,0.181308,0.157009,0.205607,0.196262,0.205607,0.203738,0.171963,0.211215,0.196262,0.2,0.173832
第153回,2016-03-25,0.182836,0.154851,0.16791,0.190299,0.16791,0.190299,0.192164,0.186567,0.225746,0.186567,0.192164,0.175373,0.210821,0.192164,0.222015,0.166045,0.201493,0.199627,0.188433,0.177239,0.190299,0.214552,0.173507,0.169776,0.166045,0.212687,0.18097,0.158582,0.205224,0.195896,0.205224,0.203358,0.171642,0.210821,0.195896,0.199627,0.175373
第152回,2016-03-18,0.182495,0.154562,0.167598,0.189944,0.167598,0.189944,0.191806,0.188082,0.225326,0.18622,0.191806,0.176909,0.210428,0.191806,0.221601,0.165736,0.20298,0.199255,0.188082,0.176909,0.191806,0.214153,0.175047,0.171322,0.165736,0.212291,0.180633,0.158287,0.204842,0.195531,0.206704,0.20298,0.171322,0.210428,0.195531,0.199255,0.175047
第151回,2016-03-11,0.182156,0.154275,0.167286,0.189591,0.167286,0.189591,0.19145,0.187732,0.226766,0.187732,0.19145,0.17658,0.211896,0.19145,0.223048,0.165428,0.202602,0.198885,0.187732,0.17658,0.193309,0.215613,0.174721,0.172862,0.165428,0.211896,0.180297,0.157993,0.204461,0.195167,0.20632,0.202602,0.171004,0.210037,0.195167,0.198885,0.174721
第150回,2016-03-04,0.181818,0.153989,0.166976,0.189239,0.166976,0.191095,0.19295,0.187384,0.226345,0.187384,0.191095,0.176252,0.211503,0.19295,0.222635,0.165121,0.202226,0.198516,0.187384,0.178108,0.19295,0.215213,0.174397,0.172542,0.165121,0.211503,0.181818,0.157699,0.204082,0.194805,0.207792,0.202226,0.170686,0.211503,0.194805,0.198516,0.174397
第149回,2016-02-26,0.183333,0.153704,0.166667,0.190741,0.166667,0.190741,0.192593,0.187037,0.225926,0.187037,0.190741,0.175926,0.211111,0.192593,0.224074,0.164815,0.201852,0.198148,0.188889,0.177778,0.192593,0.216667,0.175926,0.172222,0.164815,0.211111,0.181481,0.157407,0.203704,0.194444,0.209259,0.201852,0.17037,0.211111,0.194444,0.198148,0.174074
第148回,2016-02-19,0.184843,0.15342,0.166359,0.190388,0.166359,0.190388,0.192237,0.186691,0.227357,0.186691,0.192237,0.175601,0.210721,0.192237,0.22366,0.166359,0.201479,0.197782,0.18854,0.179298,0.192237,0.216266,0.175601,0.171904,0.16451,0.210721,0.181146,0.157116,0.203327,0.195933,0.208872,0.201479,0.170055,0.212569,0.194085,0.197782,0.173752
第147回,2016-02-12,0.186347,0.153137,0.166052,0.190037,0.167897,0.190037,0.193727,0.186347,0.226937,0.186347,0.191882,0.177122,0.210332,0.191882,0.225092,0.166052,0.201107,0.197417,0.188192,0.178967,0.191882,0.215867,0.175277,0.173432,0.166052,0.210332,0.180812,0.156827,0.202952,0.195572,0.208487,0.201107,0.169742,0.212177,0.193727,0.197417,0.173432
第146回,2016-02-05,0.186004,0.152855,0.165746,0.191529,0.167587,0.189687,0.19337,0.186004,0.226519,0.187845,0.191529,0.176796,0.209945,0.191529,0.224678,0.165746,0.200737,0.197053,0.187845,0.178637,0.191529,0.21547,0.174954,0.173112,0.167587,0.209945,0.18232,0.158379,0.202578,0.195212,0.208103,0.200737,0.171271,0.213628,0.19337,0.197053,0.173112
第145回,2016-01-29,0.185662,0.152574,0.165441,0.191176,0.167279,0.189338,0.193015,0.185662,0.226103,0.189338,0.191176,0.178309,0.209559,0.191176,0.224265,0.165441,0.200368,0.198529,0.1875,0.178309,0.191176,0.215074,0.174632,0.172794,0.167279,0.209559,0.181985,0.159926,0.204044,0.196691,0.207721,0.200368,0.170956,0.213235,0.194853,0.196691,0.172794
第144回,2016-01-22,0.185321,0.154128,0.165138,0.190826,0.166972,0.188991,0.192661,0.185321,0.227523,0.188991,0.190826,0.177982,0.211009,0.190826,0.223853,0.165138,0.2,0.2,0.187156,0.177982,0.190826,0.216514,0.174312,0.172477,0.166972,0.209174,0.181651,0.159633,0.20367,0.19633,0.207339,0.201835,0.170642,0.212844,0.194495,0.198165,0.172477
第143回,2016-01-15,0.186813,0.153846,0.166667,0.190476,0.166667,0.188645,0.192308,0.186813,0.227106,0.188645,0.190476,0.177656,0.210623,0.192308,0.223443,0.164835,0.199634,0.199634,0.186813,0.177656,0.190476,0.216117,0.173993,0.172161,0.166667,0.208791,0.181319,0.161172,0.205128,0.195971,0.20696,0.201465,0.172161,0.212454,0.194139,0.197802,0.172161
第142回,2016-01-08,0.186472,0.153565,0.166362,0.190128,0.166362,0.190128,0.191956,0.186472,0.226691,0.1883,0.190128,0.179159,0.210238,0.193784,0.223035,0.164534,0.199269,0.201097,0.186472,0.177331,0.191956,0.215722,0.173675,0.171846,0.166362,0.20841,0.182815,0.162706,0.204753,0.195612,0.206581,0.201097,0.171846,0.212066,0.193784,0.197441,0.171846
第141回,2015-12-25,0.186131,0.155109,0.166058,0.189781,0.166058,0.189781,0.191606,0.186131,0.226277,0.189781,0.189781,0.178832,0.209854,0.193431,0.222628,0.164234,0.198905,0.202555,0.186131,0.177007,0.191606,0.215328,0.173358,0.171533,0.166058,0.208029,0.182482,0.162409,0.20438,0.19708,0.208029,0.202555,0.171533,0.211679,0.193431,0.198905,0.171533
第140回,2015-12-18,0.185792,0.154827,0.167577,0.189435,0.165756,0.189435,0.191257,0.185792,0.225865,0.189435,0.191257,0.180328,0.211293,0.193078,0.222222,0.163934,0.200364,0.202186,0.185792,0.176685,0.191257,0.214936,0.173042,0.17122,0.165756,0.209472,0.182149,0.162113,0.204007,0.196721,0.20765,0.202186,0.17122,0.211293,0.1949,0.198543,0.17122
第139回,2015-12-11,0.185455,0.154545,0.167273,0.189091,0.165455,0.189091,0.190909,0.185455,0.227273,0.189091,0.190909,0.18,0.210909,0.192727,0.221818,0.165455,0.2,0.203636,0.185455,0.176364,0.192727,0.214545,0.174545,0.170909,0.165455,0.209091,0.181818,0.161818,0.203636,0.196364,0.207273,0.201818,0.170909,0.212727,0.196364,0.198182,0.170909
第138回,2015-12-04,0.185118,0.15608,0.166969,0.188748,0.166969,0.188748,0.190563,0.185118,0.22686,0.188748,0.190563,0.179673,0.210526,0.192377,0.221416,0.165154,0.201452,0.203267,0.185118,0.177858,0.194192,0.214156,0.174229,0.170599,0.165154,0.208711,0.181488,0.161525,0.203267,0.196007,0.206897,0.203267,0.172414,0.212341,0.196007,0.197822,0.170599
第137回,2015-11-27,0.184783,0.155797,0.166667,0.188406,0.166667,0.188406,0.190217,0.184783,0.226449,0.188406,0.190217,0.179348,0.211957,0.192029,0.221014,0.164855,0.201087,0.202899,0.186594,0.177536,0.195652,0.213768,0.173913,0.17029,0.166667,0.208333,0.182971,0.161232,0.202899,0.195652,0.206522,0.20471,0.172101,0.211957,0.197464,0.197464,0.17029
第136回,2015-11-20,0.184448,0.155515,0.166365,0.188065,0.166365,0.188065,0.189873,0.184448,0.22604,0.189873,0.189873,0.179024,0.211573,0.191682,0.220615,0.164557,0.202532,0.202532,0.186257,0.177215,0.195298,0.213382,0.173599,0.17179,0.166365,0.207957,0.184448,0.16094,0.202532,0.197107,0.206148,0.20434,0.173599,0.211573,0.197107,0.197107,0.17179
第135回,2015-11-13,0.184116,0.155235,0.166065,0.187726,0.166065,0.187726,0.189531,0.185921,0.227437,0.189531,0.189531,0.1787,0.212996,0.193141,0.220217,0.16426,0.202166,0.202166,0.185921,0.176895,0.194946,0.212996,0.173285,0.173285,0.166065,0.207581,0.184116,0.16065,0.202166,0.196751,0.205776,0.205776,0.173285,0.212996,0.196751,0.196751,0.17148
第134回,2015-11-06,0.183784,0.154955,0.165766,0.189189,0.165766,0.187387,0.189189,0.185586,0.228829,0.189189,0.189189,0.178378,0.212613,0.192793,0.21982,0.163964,0.201802,0.201802,0.185586,0.178378,0.194595,0.212613,0.172973,0.172973,0.165766,0.207207,0.183784,0.162162,0.201802,0.198198,0.205405,0.205405,0.172973,0.214414,0.198198,0.196396,0.171171
第133回,2015-10-30,0.183453,0.154676,0.167266,0.188849,0.165468,0.18705,0.190647,0.185252,0.228417,0.188849,0.188849,0.178058,0.214029,0.192446,0.221223,0.163669,0.203237,0.201439,0.185252,0.178058,0.196043,0.21223,0.172662,0.172662,0.165468,0.206835,0.183453,0.161871,0.201439,0.19964,0.205036,0.205036,0.172662,0.214029,0.197842,0.196043,0.170863
第132回,2015-10-23,0.183124,0.154399,0.166966,0.18851,0.165171,0.186715,0.192101,0.184919,0.228007,0.190305,0.18851,0.177738,0.213645,0.193896,0.220826,0.165171,0.202873,0.201077,0.184919,0.179533,0.195691,0.211849,0.172352,0.172352,0.165171,0.206463,0.183124,0.16158,0.201077,0.201077,0.206463,0.204668,0.172352,0.213645,0.197487,0.195691,0.170557
第131回,2015-10-16,0.182796,0.154122,0.168459,0.189964,0.164875,0.18638,0.191756,0.184588,0.227599,0.189964,0.188172,0.179211,0.213262,0.193548,0.22043,0.164875,0.204301,0.200717,0.184588,0.179211,0.195341,0.21147,0.172043,0.172043,0.164875,0.206093,0.182796,0.16129,0.200717,0.200717,0.206093,0.206093,0.172043,0.215054,0.197133,0.197133,0.170251
第130回,2015-10-09,0.184258,0.153846,0.168157,0.189624,0.16458,0.186047,0.191413,0.184258,0.227191,0.189624,0.187835,0.178891,0.21288,0.193202,0.221825,0.16458,0.203936,0.200358,0.184258,0.18068,0.194991,0.211091,0.173524,0.171735,0.166369,0.205725,0.182469,0.161002,0.200358,0.200358,0.207513,0.207513,0.171735,0.214669,0.19678,0.19678,0.169946
第129回,2015-10-02,0.183929,0.153571,0.167857,0.189286,0.166071,0.185714,0.192857,0.183929,0.226786,0.189286,0.189286,0.178571,0.2125,0.192857,0.221429,0.164286,0.203571,0.2,0.185714,0.180357,0.194643,0.210714,0.173214,0.173214,0.166071,0.205357,0.183929,0.160714,0.2,0.201786,0.207143,0.207143,0.171429,0.214286,0.196429,0.196429,0.169643
第128回,2015-09-25,0.183601,0.15508,0.167558,0.190731,0.165775,0.185383,0.192513,0.185383,0.226381,0.188948,0.188948,0.178253,0.212121,0.192513,0.221034,0.163993,0.203209,0.199643,0.185383,0.180036,0.194296,0.210339,0.174688,0.172906,0.165775,0.206774,0.185383,0.160428,0.199643,0.201426,0.206774,0.208556,0.171123,0.213904,0.196078,0.196078,0.16934
第127回,2015-09-18,0.183274,0.154804,0.16726,0.190391,0.16548,0.185053,0.192171,0.185053,0.225979,0.190391,0.188612,0.179715,0.211744,0.192171,0.22242,0.163701,0.202847,0.199288,0.185053,0.179715,0.19395,0.209964,0.176157,0.172598,0.16548,0.206406,0.185053,0.161922,0.199288,0.202847,0.206406,0.208185,0.170819,0.213523,0.197509,0.19573,0.169039
第126回,2015-09-11,0.182948,0.154529,0.166963,0.191829,0.165187,0.184725,0.191829,0.184725,0.225577,0.191829,0.188277,0.179396,0.213144,0.191829,0.222025,0.165187,0.204263,0.198934,0.184725,0.179396,0.195382,0.209591,0.175844,0.172291,0.165187,0.206039,0.186501,0.161634,0.198934,0.202487,0.206039,0.207815,0.170515,0.213144,0.197158,0.195382,0.168739
第125回,2015-09-04,0.184397,0.154255,0.166667,0.191489,0.164894,0.18617,0.191489,0.184397,0.225177,0.191489,0.189716,0.179078,0.212766,0.193262,0.221631,0.164894,0.203901,0.198582,0.18617,0.179078,0.195035,0.20922,0.175532,0.171986,0.164894,0.205674,0.18617,0.163121,0.198582,0.202128,0.205674,0.207447,0.170213,0.212766,0.198582,0.195035,0.16844
第124回,2015-08-28,0.185841,0.155752,0.166372,0.19115,0.164602,0.185841,0.19115,0.184071,0.224779,0.19115,0.189381,0.178761,0.212389,0.19292,0.223009,0.164602,0.20531,0.2,0.185841,0.178761,0.19469,0.210619,0.175221,0.171681,0.164602,0.20531,0.185841,0.162832,0.19823,0.20177,0.20531,0.20708,0.169912,0.212389,0.19823,0.19646,0.168142
第123回,2015-08-21,0.187279,0.155477,0.167845,0.190813,0.166078,0.185512,0.190813,0.185512,0.224382,0.190813,0.189046,0.178445,0.212014,0.19258,0.222615,0.164311,0.204947,0.199647,0.185512,0.178445,0.194346,0.210247,0.174912,0.171378,0.164311,0.204947,0.185512,0.162544,0.199647,0.201413,0.204947,0.206714,0.169611,0.213781,0.19788,0.19788,0.167845
第122回,2015-08-14,0.186949,0.156966,0.167549,0.190476,0.165785,0.185185,0.190476,0.185185,0.223986,0.190476,0.188713,0.178131,0.21164,0.19224,0.222222,0.165785,0.204586,0.201058,0.185185,0.178131,0.194004,0.209877,0.174603,0.171076,0.164021,0.206349,0.186949,0.162257,0.199295,0.201058,0.204586,0.206349,0.169312,0.215168,0.199295,0.197531,0.167549
第121回,2015-08-07,0.18662,0.158451,0.167254,0.191901,0.165493,0.184859,0.190141,0.184859,0.223592,0.190141,0.18838,0.177817,0.213028,0.191901,0.221831,0.167254,0.204225,0.200704,0.184859,0.177817,0.195423,0.209507,0.174296,0.170775,0.163732,0.205986,0.18662,0.161972,0.198944,0.202465,0.204225,0.205986,0.169014,0.214789,0.198944,0.197183,0.169014
第120回,2015-07-31,0.186292,0.15993,0.16696,0.191564,0.165202,0.184534,0.189807,0.184534,0.223199,0.189807,0.188049,0.177504,0.212654,0.191564,0.221441,0.168717,0.203866,0.202109,0.184534,0.177504,0.195079,0.209139,0.173989,0.170475,0.163445,0.207381,0.186292,0.161687,0.198594,0.202109,0.203866,0.207381,0.168717,0.214411,0.200351,0.196837,0.170475
第119回,2015-07-24,0.185965,0.159649,0.168421,0.191228,0.164912,0.185965,0.189474,0.185965,0.222807,0.189474,0.187719,0.177193,0.212281,0.192982,0.222807,0.168421,0.203509,0.201754,0.184211,0.177193,0.194737,0.208772,0.173684,0.170175,0.164912,0.207018,0.185965,0.161404,0.198246,0.201754,0.203509,0.207018,0.168421,0.214035,0.2,0.198246,0.170175
第118回,2015-07-17,0.185639,0.15937,0.168126,0.190893,0.166375,0.185639,0.189142,0.187391,0.224168,0.189142,0.187391,0.176883,0.211909,0.192644,0.222417,0.168126,0.203152,0.201401,0.183888,0.176883,0.194396,0.208406,0.17338,0.171629,0.164623,0.206655,0.187391,0.162872,0.197898,0.203152,0.203152,0.206655,0.168126,0.21366,0.19965,0.197898,0.169877
第117回,2015-07-10,0.185315,0.159091,0.167832,0.190559,0.166084,0.185315,0.188811,0.187063,0.225524,0.190559,0.187063,0.176573,0.211538,0.192308,0.222028,0.167832,0.202797,0.201049,0.183566,0.178322,0.194056,0.208042,0.173077,0.171329,0.164336,0.206294,0.187063,0.164336,0.197552,0.202797,0.204545,0.206294,0.167832,0.215035,0.199301,0.197552,0.171329
第116回,2015-07-03,0.184991,0.158813,0.167539,0.190227,0.165794,0.184991,0.188482,0.186736,0.226876,0.190227,0.186736,0.176265,0.211169,0.193717,0.22164,0.167539,0.202443,0.200698,0.183246,0.17801,0.193717,0.207679,0.17452,0.17103,0.164049,0.205934,0.188482,0.165794,0.197208,0.202443,0.205934,0.207679,0.167539,0.21466,0.198953,0.197208,0.17103
第115回,2015-06-26,0.184669,0.158537,0.167247,0.189895,0.165505,0.186411,0.188153,0.188153,0.226481,0.189895,0.186411,0.175958,0.212544,0.195122,0.221254,0.167247,0.202091,0.200348,0.182927,0.179443,0.19338,0.207317,0.174216,0.170732,0.165505,0.205575,0.189895,0.165505,0.196864,0.202091,0.205575,0.207317,0.167247,0.214286,0.198606,0.196864,0.170732
第114回,2015-06-19,0.184348,0.158261,0.166957,0.189565,0.165217,0.186087,0.187826,0.189565,0.226087,0.189565,0.186087,0.175652,0.213913,0.194783,0.22087,0.166957,0.201739,0.2,0.182609,0.17913,0.193043,0.206957,0.173913,0.170435,0.165217,0.206957,0.191304,0.166957,0.198261,0.201739,0.205217,0.206957,0.166957,0.213913,0.198261,0.196522,0.172174
第113回,2015-06-12,0.184028,0.157986,0.166667,0.190972,0.164931,0.1875,0.189236,0.189236,0.227431,0.189236,0.185764,0.175347,0.213542,0.194444,0.222222,0.166667,0.203125,0.199653,0.182292,0.178819,0.192708,0.206597,0.173611,0.170139,0.164931,0.206597,0.190972,0.166667,0.197917,0.201389,0.204861,0.206597,0.166667,0.213542,0.197917,0.196181,0.173611
第112回,2015-06-05,0.183709,0.157712,0.166378,0.190641,0.164645,0.188908,0.190641,0.188908,0.227036,0.190641,0.185442,0.175043,0.213172,0.194107,0.22357,0.166378,0.202773,0.199307,0.181976,0.17851,0.192374,0.206239,0.17331,0.169844,0.164645,0.206239,0.192374,0.166378,0.197574,0.20104,0.204506,0.206239,0.166378,0.213172,0.199307,0.197574,0.17331
第111回,2015-05-29,0.183391,0.157439,0.16609,0.190311,0.16436,0.188581,0.192042,0.190311,0.228374,0.190311,0.185121,0.17474,0.212803,0.193772,0.223183,0.16609,0.202422,0.198962,0.181661,0.178201,0.192042,0.205882,0.17301,0.17128,0.16436,0.205882,0.192042,0.16782,0.197232,0.202422,0.204152,0.205882,0.16782,0.212803,0.198962,0.197232,0.17301
第110回,2015-05-22,0.183074,0.157168,0.165803,0.19171,0.164076,0.188256,0.19171,0.189983,0.227979,0.189983,0.184801,0.176166,0.212435,0.193437,0.222798,0.165803,0.202073,0.198618,0.181347,0.177893,0.19171,0.207254,0.172712,0.170984,0.164076,0.205527,0.19171,0.16753,0.196891,0.2038,0.205527,0.205527,0.16753,0.212435,0.200345,0.198618,0.172712
第109回,2015-05-15,0.182759,0.156897,0.165517,0.191379,0.163793,0.189655,0.191379,0.189655,0.227586,0.189655,0.184483,0.175862,0.212069,0.193103,0.222414,0.165517,0.203448,0.198276,0.181034,0.17931,0.193103,0.206897,0.172414,0.172414,0.163793,0.205172,0.191379,0.167241,0.196552,0.205172,0.205172,0.206897,0.167241,0.212069,0.2,0.198276,0.172414
第108回,2015-05-08,0.182444,0.158348,0.165232,0.19105,0.163511,0.19105,0.192771,0.19105,0.227194,0.189329,0.184165,0.175559,0.211704,0.192771,0.222031,0.165232,0.203098,0.197935,0.180723,0.179002,0.192771,0.20654,0.172117,0.172117,0.163511,0.204819,0.19105,0.168675,0.196213,0.20654,0.204819,0.20654,0.166954,0.211704,0.199656,0.199656,0.172117
第107回,2015-05-01,0.182131,0.158076,0.166667,0.190722,0.16323,0.190722,0.19244,0.19244,0.228522,0.189003,0.183849,0.175258,0.213058,0.19244,0.221649,0.164948,0.204467,0.197595,0.180412,0.178694,0.19244,0.206186,0.171821,0.171821,0.16323,0.204467,0.19244,0.168385,0.195876,0.206186,0.204467,0.206186,0.168385,0.21134,0.199313,0.199313,0.171821
第106回,2015-04-24,0.181818,0.157804,0.166381,0.190395,0.16295,0.19211,0.19211,0.19211,0.22813,0.190395,0.183533,0.176672,0.212693,0.19211,0.221269,0.164666,0.204117,0.197256,0.181818,0.178388,0.193825,0.207547,0.171527,0.171527,0.16295,0.204117,0.19211,0.168096,0.19554,0.207547,0.204117,0.205832,0.168096,0.210978,0.198971,0.198971,0.171527
第105回,2015-04-17,0.181507,0.157534,0.167808,0.190068,0.162671,0.191781,0.191781,0.191781,0.22774,0.190068,0.183219,0.17637,0.212329,0.191781,0.222603,0.164384,0.203767,0.196918,0.183219,0.179795,0.193493,0.207192,0.171233,0.171233,0.162671,0.205479,0.191781,0.169521,0.195205,0.207192,0.203767,0.205479,0.169521,0.210616,0.19863,0.19863,0.171233
第104回,2015-04-10,0.181197,0.157265,0.167521,0.189744,0.162393,0.191453,0.193162,0.191453,0.22906,0.189744,0.184615,0.176068,0.211966,0.191453,0.223932,0.165812,0.203419,0.196581,0.182906,0.179487,0.193162,0.208547,0.17094,0.17094,0.162393,0.205128,0.191453,0.169231,0.194872,0.206838,0.203419,0.205128,0.169231,0.210256,0.198291,0.198291,0.17265
第103回,2015-04-03,0.180887,0.158703,0.168942,0.18942,0.162116,0.191126,0.192833,0.191126,0.228669,0.18942,0.186007,0.177474,0.211604,0.191126,0.223549,0.165529,0.203072,0.196246,0.182594,0.179181,0.192833,0.209898,0.170648,0.170648,0.162116,0.204778,0.191126,0.168942,0.194539,0.206485,0.203072,0.204778,0.168942,0.209898,0.199659,0.199659,0.172355
第102回,2015-03-27,0.182283,0.158433,0.168654,0.190801,0.16184,0.190801,0.192504,0.192504,0.228279,0.189097,0.18569,0.177172,0.211244,0.190801,0.223169,0.165247,0.202726,0.195911,0.182283,0.178876,0.192504,0.20954,0.170358,0.170358,0.16184,0.204429,0.192504,0.170358,0.195911,0.206133,0.204429,0.204429,0.168654,0.20954,0.199319,0.199319,0.172061
第101回,2015-03-20,0.181973,0.158163,0.168367,0.190476,0.161565,0.190476,0.192177,0.192177,0.227891,0.188776,0.187075,0.178571,0.210884,0.190476,0.222789,0.164966,0.202381,0.195578,0.181973,0.178571,0.193878,0.209184,0.171769,0.170068,0.161565,0.204082,0.192177,0.171769,0.195578,0.205782,0.204082,0.204082,0.168367,0.209184,0.19898,0.20068,0.173469
第100回,2015-03-13,0.183362,0.159593,0.168081,0.190153,0.16129,0.190153,0.191851,0.191851,0.227504,0.188455,0.188455,0.178268,0.210526,0.190153,0.222411,0.166384,0.202037,0.195246,0.181664,0.178268,0.193548,0.208829,0.171477,0.169779,0.162988,0.203735,0.191851,0.171477,0.195246,0.205433,0.203735,0.203735,0.168081,0.208829,0.20034,0.202037,0.173175
第99回,2015-03-06,0.183051,0.159322,0.167797,0.189831,0.161017,0.189831,0.191525,0.191525,0.227119,0.188136,0.188136,0.177966,0.211864,0.189831,0.222034,0.166102,0.20339,0.194915,0.181356,0.177966,0.19322,0.210169,0.171186,0.171186,0.162712,0.20339,0.19322,0.172881,0.194915,0.205085,0.20339,0.20339,0.167797,0.208475,0.201695,0.201695,0.172881
第98回,2015-02-27,0.182741,0.159052,0.169205,0.189509,0.160745,0.189509,0.191201,0.191201,0.228426,0.187817,0.189509,0.177665,0.213198,0.189509,0.221658,0.165821,0.203046,0.194585,0.182741,0.177665,0.192893,0.209814,0.170897,0.170897,0.164129,0.203046,0.192893,0.172589,0.194585,0.204738,0.203046,0.203046,0.169205,0.208122,0.201354,0.201354,0.172589
第97回,2015-02-20,0.182432,0.158784,0.168919,0.189189,0.160473,0.189189,0.192568,0.190878,0.228041,0.1875,0.189189,0.177365,0.214527,0.190878,0.221284,0.16723,0.202703,0.194257,0.182432,0.177365,0.192568,0.211149,0.170608,0.172297,0.163851,0.202703,0.192568,0.172297,0.194257,0.204392,0.202703,0.202703,0.168919,0.20777,0.202703,0.201014,0.172297
第96回,2015-02-13,0.182125,0.158516,0.168634,0.18887,0.160202,0.18887,0.192243,0.190556,0.229342,0.187184,0.190556,0.177066,0.214165,0.192243,0.220911,0.166948,0.202361,0.193929,0.182125,0.177066,0.193929,0.212479,0.172007,0.173693,0.163575,0.202361,0.192243,0.172007,0.193929,0.204047,0.202361,0.202361,0.168634,0.20742,0.202361,0.200675,0.172007
第95回,2015-02-06,0.183502,0.158249,0.16835,0.188552,0.159933,0.188552,0.191919,0.191919,0.228956,0.186869,0.190236,0.176768,0.215488,0.193603,0.220539,0.166667,0.20202,0.195286,0.181818,0.176768,0.193603,0.212121,0.171717,0.173401,0.1633,0.20202,0.191919,0.171717,0.193603,0.205387,0.20202,0.20202,0.16835,0.208754,0.20202,0.200337,0.171717
第94回,2015-01-30,0.183193,0.157983,0.168067,0.188235,0.159664,0.188235,0.191597,0.191597,0.228571,0.186555,0.189916,0.176471,0.216807,0.193277,0.220168,0.166387,0.201681,0.194958,0.183193,0.178151,0.193277,0.211765,0.171429,0.173109,0.163025,0.201681,0.193277,0.173109,0.194958,0.206723,0.201681,0.201681,0.168067,0.208403,0.201681,0.2,0.171429
第93回,2015-01-23,0.182886,0.159396,0.167785,0.187919,0.161074,0.187919,0.191275,0.191275,0.228188,0.186242,0.191275,0.176174,0.216443,0.194631,0.219799,0.166107,0.20302,0.194631,0.182886,0.177852,0.192953,0.211409,0.171141,0.172819,0.162752,0.201342,0.192953,0.172819,0.194631,0.208054,0.201342,0.20302,0.167785,0.208054,0.201342,0.199664,0.171141
第92回,2015-01-16,0.18258,0.159129,0.167504,0.18928,0.162479,0.187605,0.190955,0.190955,0.227806,0.18593,0.190955,0.175879,0.21608,0.194305,0.221106,0.165829,0.20268,0.194305,0.18258,0.177554,0.19263,0.211055,0.170854,0.172529,0.164154,0.20268,0.19263,0.172529,0.19598,0.207705,0.201005,0.204355,0.167504,0.207705,0.201005,0.19933,0.170854
第91回,2015-01-09,0.183946,0.158863,0.167224,0.188963,0.16388,0.187291,0.192308,0.190635,0.227425,0.185619,0.190635,0.175585,0.215719,0.195652,0.222408,0.165552,0.202341,0.19398,0.182274,0.177258,0.192308,0.210702,0.170569,0.172241,0.165552,0.202341,0.192308,0.172241,0.195652,0.207358,0.200669,0.204013,0.167224,0.207358,0.202341,0.198997,0.170569
第90回,2014-12-26,0.183639,0.160267,0.166945,0.188648,0.163606,0.186978,0.191987,0.191987,0.228715,0.185309,0.190317,0.175292,0.217028,0.196995,0.222037,0.165275,0.202003,0.195326,0.18197,0.176962,0.191987,0.210351,0.170284,0.171953,0.165275,0.202003,0.191987,0.171953,0.195326,0.207012,0.200334,0.203673,0.166945,0.207012,0.202003,0.198664,0.171953
第89回,2014-12-19,0.185,0.16,0.168333,0.188333,0.163333,0.186667,0.191667,0.191667,0.228333,0.185,0.191667,0.175,0.216667,0.196667,0.221667,0.165,0.201667,0.195,0.181667,0.176667,0.191667,0.21,0.17,0.171667,0.165,0.203333,0.191667,0.173333,0.195,0.206667,0.2,0.203333,0.166667,0.208333,0.201667,0.2,0.171667
第88回,2014-12-12,0.184692,0.159734,0.169717,0.189684,0.163062,0.186356,0.191348,0.191348,0.227953,0.186356,0.191348,0.174709,0.216306,0.198003,0.221298,0.164725,0.201331,0.194676,0.181364,0.176373,0.191348,0.209651,0.169717,0.171381,0.166389,0.202995,0.191348,0.173045,0.196339,0.207987,0.199667,0.202995,0.166389,0.207987,0.201331,0.199667,0.171381
第87回,2014-12-05,0.184385,0.159468,0.169435,0.189369,0.162791,0.186047,0.19103,0.192691,0.229236,0.186047,0.19103,0.17608,0.215947,0.197674,0.22093,0.164452,0.200997,0.196013,0.181063,0.177741,0.19103,0.209302,0.169435,0.171096,0.166113,0.202658,0.19103,0.174419,0.196013,0.207641,0.200997,0.202658,0.166113,0.207641,0.200997,0.199336,0.171096
第86回,2014-11-28,0.18408,0.159204,0.170813,0.189055,0.162521,0.185738,0.190713,0.192371,0.228856,0.187396,0.190713,0.175788,0.215589,0.197347,0.220564,0.164179,0.200663,0.195688,0.180763,0.179104,0.192371,0.210614,0.169154,0.170813,0.165837,0.20398,0.190713,0.174129,0.195688,0.208955,0.200663,0.202322,0.165837,0.207297,0.200663,0.199005,0.170813
第85回,2014-11-21,0.183775,0.15894,0.17053,0.188742,0.162252,0.187086,0.192053,0.192053,0.228477,0.188742,0.192053,0.175497,0.215232,0.19702,0.220199,0.163907,0.200331,0.195364,0.180464,0.178808,0.192053,0.211921,0.168874,0.17053,0.165563,0.205298,0.190397,0.173841,0.195364,0.208609,0.200331,0.201987,0.165563,0.206954,0.201987,0.198675,0.17053
第84回,2014-11-14,0.183471,0.158678,0.170248,0.18843,0.161983,0.186777,0.191736,0.193388,0.228099,0.18843,0.191736,0.175207,0.214876,0.196694,0.219835,0.165289,0.2,0.195041,0.180165,0.178512,0.191736,0.21157,0.170248,0.170248,0.165289,0.204959,0.190083,0.175207,0.196694,0.208264,0.2,0.201653,0.165289,0.206612,0.203306,0.2,0.170248
第83回,2014-11-07,0.184818,0.158416,0.169967,0.188119,0.161716,0.186469,0.191419,0.193069,0.227723,0.188119,0.193069,0.174917,0.214521,0.19637,0.219472,0.165017,0.19967,0.194719,0.179868,0.178218,0.193069,0.211221,0.169967,0.169967,0.165017,0.206271,0.189769,0.176568,0.19637,0.207921,0.19967,0.20297,0.165017,0.206271,0.20462,0.19967,0.169967
第82回,2014-10-31,0.186161,0.158155,0.171334,0.187809,0.16145,0.186161,0.191104,0.192751,0.227348,0.187809,0.192751,0.174629,0.214168,0.196046,0.21911,0.166392,0.199341,0.194399,0.179572,0.179572,0.192751,0.210873,0.169687,0.169687,0.166392,0.205931,0.191104,0.176277,0.196046,0.207578,0.199341,0.202636,0.164745,0.207578,0.204283,0.199341,0.169687
第81回,2014-10-24,0.1875,0.157895,0.172697,0.1875,0.161184,0.185855,0.190789,0.192434,0.226974,0.189145,0.192434,0.174342,0.213816,0.195724,0.21875,0.166118,0.199013,0.195724,0.179276,0.179276,0.192434,0.210526,0.169408,0.169408,0.166118,0.205592,0.190789,0.177632,0.195724,0.207237,0.200658,0.202303,0.164474,0.207237,0.205592,0.199013,0.169408
第80回,2014-10-17,0.187192,0.159278,0.172414,0.187192,0.162562,0.18555,0.190476,0.192118,0.226601,0.190476,0.192118,0.174056,0.213465,0.195402,0.218391,0.165846,0.198686,0.197044,0.178982,0.178982,0.19376,0.210181,0.16913,0.170772,0.165846,0.205255,0.192118,0.17734,0.195402,0.206897,0.200328,0.20197,0.164204,0.206897,0.205255,0.198686,0.16913
第79回,2014-10-10,0.186885,0.160656,0.172131,0.188525,0.162295,0.185246,0.191803,0.191803,0.227869,0.190164,0.191803,0.17377,0.213115,0.195082,0.218033,0.165574,0.198361,0.196721,0.178689,0.178689,0.195082,0.209836,0.168852,0.170492,0.165574,0.204918,0.191803,0.177049,0.196721,0.206557,0.2,0.201639,0.163934,0.206557,0.204918,0.198361,0.170492
第78回,2014-10-03,0.186579,0.160393,0.171849,0.188216,0.163666,0.186579,0.191489,0.191489,0.227496,0.191489,0.191489,0.173486,0.212766,0.196399,0.217676,0.165303,0.198036,0.196399,0.178396,0.178396,0.194763,0.209493,0.168576,0.171849,0.165303,0.204583,0.191489,0.178396,0.196399,0.206219,0.199673,0.201309,0.163666,0.206219,0.204583,0.199673,0.170213
第77回,2014-09-26,0.186275,0.160131,0.173203,0.187908,0.163399,0.186275,0.191176,0.191176,0.227124,0.19281,0.191176,0.173203,0.212418,0.196078,0.21732,0.165033,0.197712,0.196078,0.178105,0.178105,0.194444,0.20915,0.169935,0.171569,0.166667,0.205882,0.191176,0.179739,0.196078,0.207516,0.199346,0.20098,0.163399,0.205882,0.204248,0.199346,0.169935
第76回,2014-09-19,0.185971,0.159869,0.17292,0.189233,0.163132,0.185971,0.190865,0.190865,0.226754,0.192496,0.190865,0.17292,0.213703,0.195759,0.216966,0.164763,0.19739,0.19739,0.177814,0.177814,0.194127,0.208809,0.169657,0.171289,0.166395,0.205546,0.190865,0.179445,0.19739,0.207178,0.199021,0.202284,0.163132,0.207178,0.203915,0.200653,0.169657
第75回,2014-09-12,0.185668,0.159609,0.172638,0.190554,0.162866,0.185668,0.190554,0.190554,0.228013,0.192182,0.190554,0.172638,0.213355,0.19544,0.218241,0.164495,0.198697,0.197068,0.179153,0.177524,0.193811,0.208469,0.169381,0.17101,0.166124,0.205212,0.190554,0.179153,0.197068,0.20684,0.198697,0.201954,0.162866,0.20684,0.205212,0.200326,0.17101
第74回,2014-09-05,0.185366,0.15935,0.172358,0.190244,0.164228,0.185366,0.190244,0.190244,0.227642,0.19187,0.190244,0.172358,0.214634,0.196748,0.219512,0.165854,0.198374,0.196748,0.178862,0.177236,0.193496,0.20813,0.169106,0.172358,0.165854,0.204878,0.190244,0.178862,0.196748,0.206504,0.2,0.201626,0.162602,0.206504,0.204878,0.2,0.170732
第73回,2014-08-29,0.185065,0.159091,0.172078,0.189935,0.163961,0.185065,0.189935,0.189935,0.227273,0.191558,0.189935,0.173701,0.214286,0.196429,0.219156,0.167208,0.198052,0.196429,0.178571,0.176948,0.193182,0.207792,0.170455,0.172078,0.167208,0.204545,0.191558,0.178571,0.196429,0.207792,0.199675,0.202922,0.162338,0.206169,0.204545,0.199675,0.170455
第72回,2014-08-22,0.184765,0.158833,0.171799,0.189627,0.163695,0.184765,0.189627,0.189627,0.226904,0.191248,0.191248,0.175041,0.213938,0.19611,0.218801,0.166937,0.197731,0.197731,0.179903,0.178282,0.192869,0.207455,0.170178,0.171799,0.166937,0.204214,0.191248,0.178282,0.19611,0.207455,0.200972,0.204214,0.162075,0.205835,0.204214,0.199352,0.170178
第71回,2014-08-15,0.186084,0.158576,0.171521,0.18932,0.16343,0.186084,0.18932,0.18932,0.226537,0.190939,0.190939,0.174757,0.21521,0.195793,0.218447,0.166667,0.197411,0.197411,0.179612,0.177994,0.192557,0.20712,0.169903,0.171521,0.166667,0.203883,0.190939,0.177994,0.197411,0.20712,0.200647,0.203883,0.161812,0.20712,0.205502,0.199029,0.171521
第70回,2014-08-08,0.185784,0.15832,0.171244,0.189015,0.163166,0.185784,0.189015,0.189015,0.227787,0.192246,0.19063,0.174475,0.214863,0.195477,0.218094,0.166397,0.197092,0.198708,0.179321,0.177706,0.193861,0.206785,0.169628,0.171244,0.166397,0.203554,0.192246,0.177706,0.197092,0.206785,0.200323,0.203554,0.163166,0.206785,0.206785,0.198708,0.171244
第69回,2014-08-01,0.185484,0.158065,0.170968,0.18871,0.162903,0.185484,0.18871,0.18871,0.227419,0.191935,0.190323,0.174194,0.216129,0.195161,0.217742,0.166129,0.198387,0.198387,0.179032,0.179032,0.193548,0.208065,0.169355,0.170968,0.166129,0.203226,0.191935,0.179032,0.198387,0.206452,0.2,0.203226,0.162903,0.206452,0.206452,0.198387,0.172581
第68回,2014-07-25,0.185185,0.15942,0.170692,0.188406,0.162641,0.185185,0.190016,0.188406,0.227053,0.191626,0.190016,0.173913,0.217391,0.194847,0.219002,0.165862,0.198068,0.198068,0.178744,0.178744,0.193237,0.207729,0.169082,0.172303,0.165862,0.202899,0.191626,0.178744,0.198068,0.206119,0.199678,0.202899,0.162641,0.207729,0.207729,0.198068,0.172303
第67回,2014-07-18,0.184887,0.159164,0.170418,0.188103,0.162379,0.184887,0.191318,0.188103,0.226688,0.191318,0.191318,0.173633,0.217042,0.194534,0.220257,0.165595,0.199357,0.199357,0.178457,0.178457,0.192926,0.207395,0.16881,0.172026,0.167203,0.202572,0.191318,0.178457,0.197749,0.205788,0.199357,0.202572,0.162379,0.207395,0.209003,0.197749,0.172026
第66回,2014-07-11,0.186196,0.158909,0.170144,0.187801,0.162119,0.184591,0.191011,0.187801,0.226324,0.191011,0.192616,0.173355,0.216693,0.194222,0.219904,0.165329,0.199037,0.199037,0.17817,0.17817,0.192616,0.207063,0.168539,0.17175,0.168539,0.202247,0.191011,0.179775,0.197432,0.205457,0.200642,0.202247,0.163724,0.207063,0.208668,0.197432,0.173355
第65回,2014-07-04,0.185897,0.158654,0.169872,0.189103,0.161859,0.184295,0.192308,0.1875,0.225962,0.190705,0.192308,0.174679,0.216346,0.19391,0.219551,0.165064,0.198718,0.198718,0.177885,0.177885,0.192308,0.208333,0.169872,0.173077,0.168269,0.201923,0.190705,0.18109,0.197115,0.205128,0.200321,0.201923,0.163462,0.206731,0.208333,0.197115,0.173077
第64回,2014-06-27,0.1856,0.1584,0.1696,0.1904,0.1616,0.184,0.192,0.1872,0.2256,0.1904,0.192,0.1744,0.216,0.1936,0.2208,0.1664,0.2,0.1984,0.1776,0.1792,0.192,0.208,0.1696,0.1728,0.168,0.2016,0.1904,0.1808,0.1984,0.2048,0.2,0.2016,0.1632,0.2064,0.208,0.1984,0.1728
第63回,2014-06-20,0.185304,0.158147,0.169329,0.191693,0.161342,0.183706,0.191693,0.188498,0.22524,0.190096,0.191693,0.174121,0.215655,0.193291,0.220447,0.166134,0.199681,0.198083,0.178914,0.178914,0.191693,0.207668,0.169329,0.174121,0.167732,0.201278,0.190096,0.182109,0.198083,0.20607,0.199681,0.202875,0.162939,0.20607,0.207668,0.198083,0.172524
第62回,2014-06-13,0.185008,0.157895,0.169059,0.192982,0.161085,0.183413,0.191388,0.188198,0.22488,0.191388,0.191388,0.175439,0.215311,0.192982,0.221691,0.165869,0.199362,0.197767,0.178628,0.178628,0.191388,0.207337,0.169059,0.173844,0.167464,0.200957,0.191388,0.181818,0.197767,0.205742,0.199362,0.204147,0.164274,0.205742,0.207337,0.197767,0.172249
第61回,2014-06-06,0.184713,0.157643,0.16879,0.192675,0.16242,0.183121,0.191083,0.187898,0.224522,0.192675,0.192675,0.175159,0.214968,0.192675,0.221338,0.165605,0.199045,0.197452,0.178344,0.178344,0.192675,0.207006,0.16879,0.173567,0.167197,0.200637,0.191083,0.183121,0.197452,0.205414,0.200637,0.203822,0.164013,0.205414,0.207006,0.197452,0.173567
第60回,2014-05-30,0.18442,0.157393,0.170111,0.192369,0.162162,0.18283,0.192369,0.187599,0.225755,0.192369,0.192369,0.174881,0.214626,0.192369,0.222576,0.166932,0.198728,0.197138,0.17806,0.17806,0.192369,0.206677,0.170111,0.173291,0.166932,0.200318,0.190779,0.18283,0.197138,0.205087,0.200318,0.203498,0.163752,0.206677,0.206677,0.197138,0.173291
第59回,2014-05-23,0.184127,0.157143,0.169841,0.192063,0.163492,0.18254,0.192063,0.188889,0.225397,0.192063,0.192063,0.17619,0.215873,0.192063,0.222222,0.166667,0.198413,0.196825,0.177778,0.177778,0.193651,0.206349,0.169841,0.173016,0.166667,0.2,0.190476,0.18254,0.196825,0.206349,0.2,0.203175,0.163492,0.206349,0.207937,0.196825,0.173016
第58回,2014-05-16,0.18542,0.156894,0.169572,0.191759,0.163233,0.183835,0.193344,0.190174,0.22504,0.191759,0.191759,0.175911,0.215531,0.191759,0.22187,0.166403,0.198098,0.196513,0.177496,0.177496,0.193344,0.206022,0.171157,0.172742,0.166403,0.199683,0.190174,0.18225,0.196513,0.206022,0.199683,0.204437,0.164818,0.206022,0.207607,0.196513,0.172742
第57回,2014-05-09,0.185127,0.156646,0.169304,0.191456,0.164557,0.185127,0.193038,0.189873,0.224684,0.191456,0.191456,0.177215,0.21519,0.191456,0.221519,0.167722,0.199367,0.196203,0.177215,0.178797,0.193038,0.205696,0.170886,0.172468,0.166139,0.199367,0.189873,0.181962,0.196203,0.205696,0.199367,0.204114,0.166139,0.205696,0.207278,0.196203,0.172468
第56回,2014-05-02,0.184834,0.156398,0.169036,0.192733,0.164297,0.184834,0.192733,0.189573,0.224329,0.191153,0.191153,0.176935,0.21485,0.191153,0.221169,0.167457,0.199052,0.195893,0.176935,0.178515,0.192733,0.205371,0.172196,0.172196,0.165877,0.200632,0.191153,0.183254,0.195893,0.205371,0.199052,0.205371,0.165877,0.205371,0.206951,0.197472,0.172196
第55回,2014-04-25,0.184543,0.156151,0.16877,0.194006,0.164038,0.184543,0.192429,0.189274,0.223975,0.190852,0.190852,0.178233,0.214511,0.192429,0.22082,0.167192,0.200315,0.195584,0.176656,0.178233,0.192429,0.205047,0.173502,0.171924,0.165615,0.200315,0.190852,0.182965,0.195584,0.206625,0.198738,0.205047,0.165615,0.205047,0.206625,0.198738,0.171924
第54回,2014-04-18,0.185827,0.155906,0.170079,0.193701,0.165354,0.184252,0.192126,0.188976,0.223622,0.192126,0.190551,0.177953,0.214173,0.192126,0.220472,0.166929,0.2,0.19685,0.176378,0.177953,0.192126,0.206299,0.174803,0.171654,0.165354,0.2,0.190551,0.182677,0.195276,0.206299,0.198425,0.204724,0.165354,0.204724,0.206299,0.198425,0.171654
第53回,2014-04-11,0.187107,0.15566,0.169811,0.194969,0.165094,0.183962,0.191824,0.188679,0.22327,0.191824,0.190252,0.177673,0.213836,0.193396,0.220126,0.168239,0.199686,0.196541,0.176101,0.179245,0.191824,0.205975,0.174528,0.171384,0.165094,0.199686,0.190252,0.18239,0.194969,0.205975,0.198113,0.204403,0.166667,0.204403,0.205975,0.199686,0.171384
第52回,2014-04-04,0.186813,0.155416,0.169545,0.194662,0.164835,0.183673,0.191523,0.189953,0.22292,0.193093,0.189953,0.177394,0.213501,0.193093,0.21978,0.167975,0.199372,0.196232,0.175824,0.178964,0.191523,0.207221,0.174254,0.172684,0.164835,0.200942,0.189953,0.182104,0.194662,0.205651,0.197802,0.205651,0.166405,0.205651,0.205651,0.199372,0.171115
第51回,2014-03-28,0.188088,0.155172,0.169279,0.195925,0.166144,0.183386,0.191223,0.191223,0.222571,0.19279,0.189655,0.177116,0.213166,0.19279,0.219436,0.167712,0.19906,0.195925,0.175549,0.180251,0.191223,0.206897,0.175549,0.172414,0.164577,0.200627,0.189655,0.181818,0.194357,0.205329,0.197492,0.205329,0.166144,0.205329,0.206897,0.19906,0.170846
第50回,2014-03-21,0.187793,0.15493,0.170579,0.197183,0.165884,0.183099,0.192488,0.192488,0.222222,0.192488,0.189358,0.176839,0.212833,0.192488,0.220657,0.167449,0.198748,0.195618,0.175274,0.179969,0.190923,0.206573,0.175274,0.173709,0.164319,0.200313,0.189358,0.181534,0.195618,0.205008,0.197183,0.205008,0.165884,0.205008,0.206573,0.198748,0.170579
第49回,2014-03-14,0.1875,0.154688,0.170313,0.196875,0.165625,0.182812,0.192188,0.19375,0.221875,0.192188,0.190625,0.178125,0.2125,0.192188,0.220312,0.167187,0.2,0.195312,0.175,0.179688,0.190625,0.20625,0.175,0.175,0.164062,0.201563,0.190625,0.18125,0.195312,0.204687,0.196875,0.204687,0.165625,0.204687,0.20625,0.198437,0.170313
第48回,2014-03-07,0.187207,0.154446,0.171607,0.196568,0.166927,0.182527,0.191888,0.193448,0.221529,0.191888,0.190328,0.177847,0.212168,0.191888,0.219969,0.166927,0.199688,0.195008,0.174727,0.179407,0.190328,0.205928,0.174727,0.176287,0.163807,0.202808,0.190328,0.180967,0.196568,0.205928,0.196568,0.204368,0.165367,0.205928,0.205928,0.198128,0.170047
第47回,2014-02-28,0.186916,0.155763,0.17134,0.196262,0.166667,0.182243,0.191589,0.193146,0.222741,0.191589,0.191589,0.17757,0.211838,0.193146,0.219626,0.166667,0.199377,0.194704,0.174455,0.180685,0.191589,0.205607,0.174455,0.176012,0.163551,0.202492,0.190031,0.180685,0.196262,0.205607,0.196262,0.20405,0.165109,0.205607,0.205607,0.199377,0.169782
第46回,2014-02-21,0.186625,0.157076,0.171073,0.195956,0.167963,0.183515,0.191291,0.192846,0.222395,0.191291,0.191291,0.177294,0.211509,0.192846,0.22084,0.166407,0.199067,0.194401,0.174184,0.180404,0.191291,0.205288,0.175739,0.175739,0.163297,0.202177,0.191291,0.180404,0.195956,0.206843,0.195956,0.203733,0.164852,0.205288,0.205288,0.199067,0.169518
第45回,2014-02-14,0.187888,0.158385,0.170807,0.195652,0.167702,0.18323,0.190994,0.192547,0.223602,0.190994,0.190994,0.177019,0.21118,0.192547,0.220497,0.166149,0.198758,0.195652,0.173913,0.180124,0.192547,0.204969,0.175466,0.175466,0.163043,0.201863,0.192547,0.180124,0.195652,0.206522,0.195652,0.203416,0.166149,0.204969,0.204969,0.198758,0.169255
第44回,2014-02-07,0.187597,0.15814,0.172093,0.196899,0.167442,0.184496,0.190698,0.192248,0.223256,0.190698,0.190698,0.176744,0.210853,0.192248,0.221705,0.165891,0.19845,0.195349,0.173643,0.179845,0.192248,0.204651,0.175194,0.175194,0.162791,0.20155,0.193798,0.181395,0.196899,0.206202,0.195349,0.203101,0.165891,0.204651,0.204651,0.19845,0.168992
第43回,2014-01-31,0.187307,0.157895,0.171827,0.198142,0.167183,0.185759,0.19195,0.193498,0.22291,0.190402,0.190402,0.176471,0.210526,0.19195,0.221362,0.165635,0.198142,0.195046,0.173375,0.179567,0.19195,0.204334,0.174923,0.176471,0.162539,0.201238,0.193498,0.181115,0.196594,0.205882,0.196594,0.202786,0.165635,0.204334,0.204334,0.198142,0.170279
第42回,2014-01-24,0.187017,0.159196,0.171561,0.197836,0.166924,0.185471,0.191654,0.193199,0.222566,0.190108,0.190108,0.176198,0.210201,0.191654,0.222566,0.166924,0.199382,0.194745,0.173107,0.179289,0.191654,0.204019,0.176198,0.176198,0.162287,0.200927,0.193199,0.180835,0.196291,0.205564,0.197836,0.202473,0.166924,0.204019,0.204019,0.197836,0.170015
第41回,2014-01-17,0.186728,0.160494,0.17284,0.197531,0.166667,0.185185,0.191358,0.194444,0.222222,0.189815,0.189815,0.175926,0.209877,0.191358,0.223765,0.166667,0.199074,0.194444,0.17284,0.179012,0.191358,0.203704,0.175926,0.175926,0.162037,0.200617,0.192901,0.180556,0.195988,0.205247,0.197531,0.20216,0.166667,0.205247,0.205247,0.199074,0.169753
第40回,2014-01-10,0.186441,0.161787,0.172573,0.197227,0.16641,0.186441,0.191063,0.194145,0.22188,0.189522,0.191063,0.175655,0.209553,0.191063,0.223421,0.16641,0.198767,0.194145,0.172573,0.178737,0.191063,0.20339,0.177196,0.175655,0.161787,0.201849,0.192604,0.180277,0.195686,0.204931,0.198767,0.201849,0.16641,0.206471,0.204931,0.198767,0.169492
第39回,2013-12-27,0.186154,0.161538,0.172308,0.196923,0.166154,0.186154,0.192308,0.193846,0.221538,0.189231,0.190769,0.175385,0.210769,0.190769,0.223077,0.166154,0.198462,0.193846,0.173846,0.178462,0.190769,0.203077,0.178462,0.175385,0.163077,0.203077,0.192308,0.18,0.195385,0.206154,0.198462,0.201538,0.166154,0.206154,0.204615,0.198462,0.169231
第38回,2013-12-20,0.185868,0.16129,0.172043,0.198157,0.165899,0.185868,0.192012,0.193548,0.221198,0.18894,0.190476,0.175115,0.210445,0.192012,0.222734,0.165899,0.198157,0.193548,0.175115,0.178187,0.190476,0.204301,0.178187,0.176651,0.162826,0.202765,0.192012,0.179724,0.196621,0.205837,0.198157,0.201229,0.165899,0.207373,0.204301,0.198157,0.168971
第37回,2013-12-13,0.185583,0.161043,0.171779,0.197853,0.165644,0.185583,0.193252,0.194785,0.220859,0.190184,0.190184,0.174847,0.211656,0.193252,0.222393,0.165644,0.197853,0.193252,0.17638,0.177914,0.190184,0.203988,0.177914,0.17638,0.162577,0.202454,0.191718,0.179448,0.196319,0.205521,0.197853,0.20092,0.165644,0.207055,0.203988,0.197853,0.170245
第36回,2013-12-06,0.185299,0.160796,0.171516,0.19755,0.166922,0.18683,0.192956,0.194487,0.220521,0.191424,0.191424,0.174579,0.211332,0.192956,0.222052,0.165391,0.19755,0.192956,0.17611,0.179173,0.189893,0.203675,0.177642,0.17611,0.162328,0.202144,0.191424,0.180704,0.196018,0.205207,0.19755,0.200613,0.165391,0.206738,0.203675,0.199081,0.169985
第35回,2013-11-29,0.186544,0.16055,0.171254,0.197248,0.166667,0.186544,0.192661,0.19419,0.220183,0.191131,0.191131,0.174312,0.211009,0.192661,0.221713,0.166667,0.197248,0.19419,0.17737,0.178899,0.189602,0.203364,0.17737,0.175841,0.163609,0.201835,0.191131,0.180428,0.195719,0.206422,0.197248,0.200306,0.165138,0.207951,0.203364,0.198777,0.169725
第34回,2013-11-22,0.18626,0.160305,0.170992,0.198473,0.166412,0.187786,0.193893,0.193893,0.219847,0.19084,0.19084,0.174046,0.210687,0.192366,0.221374,0.166412,0.196947,0.193893,0.177099,0.178626,0.189313,0.203053,0.178626,0.177099,0.163359,0.201527,0.19084,0.180153,0.19542,0.206107,0.196947,0.201527,0.164885,0.207634,0.20458,0.198473,0.169466
第33回,2013-11-15,0.1875,0.160061,0.170732,0.199695,0.166159,0.1875,0.193598,0.193598,0.219512,0.190549,0.190549,0.17378,0.210366,0.192073,0.221037,0.166159,0.198171,0.193598,0.176829,0.178354,0.189024,0.202744,0.178354,0.178354,0.16311,0.20122,0.190549,0.179878,0.196646,0.205793,0.196646,0.20122,0.166159,0.207317,0.204268,0.199695,0.169207
第32回,2013-11-08,0.187215,0.159817,0.171994,0.199391,0.165906,0.187215,0.193303,0.194825,0.219178,0.190259,0.190259,0.173516,0.210046,0.191781,0.222222,0.165906,0.197869,0.194825,0.17656,0.178082,0.188737,0.202435,0.178082,0.178082,0.162861,0.200913,0.191781,0.179604,0.197869,0.205479,0.196347,0.200913,0.165906,0.207002,0.203957,0.199391,0.170472
第31回,2013-11-01,0.18693,0.159574,0.171733,0.199088,0.165653,0.18693,0.193009,0.194529,0.220365,0.18997,0.18997,0.174772,0.211246,0.191489,0.221884,0.165653,0.197568,0.194529,0.177812,0.177812,0.18845,0.202128,0.179331,0.177812,0.162614,0.200608,0.191489,0.179331,0.197568,0.205167,0.196049,0.200608,0.167173,0.208207,0.203647,0.199088,0.170213
第30回,2013-10-25,0.186646,0.159332,0.171472,0.198786,0.165402,0.188164,0.192716,0.195751,0.22003,0.189681,0.189681,0.174507,0.212443,0.191199,0.221548,0.165402,0.197269,0.194234,0.177542,0.177542,0.188164,0.203338,0.179059,0.177542,0.162367,0.201821,0.191199,0.179059,0.197269,0.204856,0.195751,0.201821,0.16692,0.207891,0.203338,0.200303,0.169954
第29回,2013-10-18,0.186364,0.160606,0.172727,0.198485,0.165152,0.187879,0.192424,0.195455,0.219697,0.189394,0.189394,0.174242,0.212121,0.190909,0.221212,0.166667,0.198485,0.193939,0.177273,0.177273,0.187879,0.20303,0.178788,0.178788,0.162121,0.20303,0.190909,0.180303,0.19697,0.204545,0.195455,0.201515,0.166667,0.207576,0.20303,0.2,0.169697
第28回,2013-10-11,0.186082,0.160363,0.172466,0.198185,0.164902,0.189107,0.193646,0.195159,0.219365,0.189107,0.189107,0.175492,0.2118,0.19062,0.22239,0.166415,0.198185,0.193646,0.178517,0.177005,0.187595,0.202723,0.178517,0.178517,0.161876,0.202723,0.19062,0.18003,0.196672,0.204236,0.195159,0.20121,0.166415,0.207262,0.204236,0.199697,0.170953
第27回,2013-10-04,0.187311,0.160121,0.172205,0.197885,0.164653,0.188822,0.193353,0.194864,0.219033,0.190332,0.190332,0.175227,0.21148,0.191843,0.222054,0.166163,0.199396,0.194864,0.178248,0.176737,0.187311,0.202417,0.178248,0.178248,0.161631,0.202417,0.190332,0.181269,0.196375,0.203927,0.194864,0.200906,0.166163,0.206949,0.203927,0.199396,0.170695
第26回,2013-09-27,0.187029,0.159879,0.171946,0.197587,0.164404,0.188537,0.193062,0.19457,0.218703,0.190045,0.191554,0.174962,0.21267,0.191554,0.221719,0.167421,0.199095,0.196078,0.177979,0.176471,0.187029,0.202112,0.177979,0.177979,0.161388,0.20362,0.190045,0.180995,0.196078,0.20362,0.196078,0.200603,0.165913,0.206637,0.20362,0.200603,0.170437
第25回,2013-09-20,0.188253,0.159639,0.171687,0.197289,0.164157,0.189759,0.192771,0.194277,0.218373,0.189759,0.192771,0.174699,0.212349,0.191265,0.221386,0.168675,0.200301,0.197289,0.177711,0.176205,0.188253,0.201807,0.177711,0.177711,0.161145,0.203313,0.189759,0.180723,0.195783,0.203313,0.195783,0.200301,0.165663,0.206325,0.203313,0.200301,0.170181
第24回,2013-09-13,0.18797,0.159398,0.171429,0.198496,0.165414,0.189474,0.192481,0.195489,0.218045,0.190977,0.192481,0.174436,0.21203,0.190977,0.221053,0.169925,0.2,0.196992,0.178947,0.17594,0.18797,0.201504,0.177444,0.177444,0.160902,0.203008,0.189474,0.180451,0.195489,0.203008,0.195489,0.2,0.166917,0.206015,0.203008,0.2,0.169925
第23回,2013-09-06,0.187688,0.159159,0.171171,0.1997,0.165165,0.189189,0.192192,0.196697,0.217718,0.190691,0.193694,0.174174,0.211712,0.190691,0.220721,0.16967,0.1997,0.196697,0.178679,0.175676,0.187688,0.201201,0.177177,0.177177,0.162162,0.202703,0.189189,0.181682,0.196697,0.204204,0.195195,0.1997,0.166667,0.205706,0.202703,0.1997,0.16967
第22回,2013-08-30,0.187406,0.16042,0.170915,0.2009,0.164918,0.188906,0.191904,0.197901,0.218891,0.190405,0.193403,0.173913,0.211394,0.190405,0.221889,0.169415,0.1994,0.196402,0.178411,0.175412,0.187406,0.2009,0.178411,0.176912,0.163418,0.202399,0.188906,0.181409,0.196402,0.203898,0.194903,0.1994,0.166417,0.205397,0.202399,0.1994,0.169415
第21回,2013-08-23,0.188623,0.16018,0.170659,0.200599,0.164671,0.188623,0.191617,0.197605,0.22006,0.19012,0.193114,0.173653,0.212575,0.19012,0.223054,0.169162,0.199102,0.196108,0.178144,0.17515,0.187126,0.200599,0.178144,0.176647,0.164671,0.202096,0.188623,0.181138,0.196108,0.20509,0.194611,0.199102,0.167665,0.20509,0.202096,0.199102,0.169162
第20回,2013-08-16,0.188341,0.161435,0.170404,0.200299,0.165919,0.188341,0.19133,0.197309,0.219731,0.189836,0.192825,0.173393,0.213752,0.189836,0.22272,0.168909,0.198804,0.195815,0.177877,0.176383,0.188341,0.200299,0.179372,0.176383,0.164425,0.201794,0.188341,0.182362,0.195815,0.204783,0.19432,0.198804,0.167414,0.204783,0.201794,0.198804,0.168909
第19回,2013-08-09,0.18806,0.162687,0.170149,0.2,0.165672,0.18806,0.191045,0.197015,0.219403,0.189552,0.192537,0.173134,0.213433,0.191045,0.222388,0.168657,0.198507,0.195522,0.179104,0.177612,0.189552,0.201493,0.179104,0.176119,0.164179,0.201493,0.18806,0.18209,0.195522,0.204478,0.195522,0.198507,0.167164,0.204478,0.201493,0.198507,0.168657
第18回,2013-08-02,0.187779,0.162444,0.169896,0.199702,0.165425,0.187779,0.19076,0.196721,0.219076,0.18927,0.19225,0.174367,0.213115,0.19076,0.222057,0.168405,0.199702,0.195231,0.178838,0.177347,0.19076,0.201192,0.178838,0.177347,0.163934,0.201192,0.187779,0.181818,0.196721,0.204173,0.196721,0.198212,0.166915,0.204173,0.201192,0.199702,0.168405
第17回,2013-07-26,0.1875,0.16369,0.171131,0.199405,0.166667,0.1875,0.190476,0.196429,0.21875,0.188988,0.191964,0.174107,0.212798,0.190476,0.221726,0.168155,0.199405,0.19494,0.178571,0.177083,0.190476,0.202381,0.178571,0.177083,0.16369,0.200893,0.1875,0.181548,0.196429,0.203869,0.196429,0.197917,0.166667,0.205357,0.200893,0.200893,0.169643
第16回,2013-07-19,0.187221,0.163447,0.170877,0.199108,0.167905,0.188707,0.190193,0.196137,0.219911,0.188707,0.191679,0.173848,0.213967,0.190193,0.221397,0.169391,0.199108,0.194651,0.178306,0.17682,0.191679,0.20208,0.179792,0.17682,0.163447,0.200594,0.187221,0.181278,0.196137,0.203566,0.196137,0.197623,0.166419,0.205052,0.200594,0.200594,0.169391
第15回,2013-07-12,0.186944,0.164688,0.170623,0.198813,0.167656,0.188427,0.189911,0.195846,0.219585,0.189911,0.191395,0.173591,0.21365,0.191395,0.221068,0.169139,0.200297,0.194362,0.178042,0.176558,0.191395,0.20178,0.181009,0.176558,0.164688,0.200297,0.186944,0.181009,0.195846,0.203264,0.195846,0.197329,0.166172,0.204748,0.20178,0.200297,0.169139
第14回,2013-07-05,0.186667,0.164444,0.17037,0.2,0.167407,0.188148,0.191111,0.197037,0.220741,0.18963,0.191111,0.173333,0.213333,0.191111,0.220741,0.168889,0.2,0.194074,0.177778,0.176296,0.191111,0.201481,0.180741,0.177778,0.164444,0.2,0.186667,0.182222,0.195556,0.204444,0.195556,0.197037,0.165926,0.204444,0.201481,0.2,0.168889
第13回,2013-06-28,0.186391,0.164201,0.170118,0.199704,0.16716,0.189349,0.190828,0.196746,0.220414,0.190828,0.190828,0.173077,0.213018,0.190828,0.220414,0.170118,0.199704,0.193787,0.177515,0.176036,0.192308,0.201183,0.180473,0.177515,0.164201,0.199704,0.18787,0.183432,0.195266,0.204142,0.195266,0.196746,0.16568,0.204142,0.202663,0.199704,0.168639
第12回,2013-06-21,0.186115,0.163959,0.169867,0.199409,0.166913,0.189069,0.190547,0.196455,0.220089,0.190547,0.192024,0.174298,0.212703,0.192024,0.220089,0.169867,0.199409,0.193501,0.17873,0.175775,0.192024,0.200886,0.180207,0.177253,0.163959,0.200886,0.189069,0.183161,0.194978,0.20384,0.194978,0.196455,0.166913,0.20384,0.202363,0.199409,0.16839
第11回,2013-06-14,0.185841,0.163717,0.169617,0.199115,0.166667,0.188791,0.190265,0.196165,0.221239,0.190265,0.19174,0.174041,0.212389,0.19174,0.221239,0.169617,0.199115,0.193215,0.178466,0.175516,0.19174,0.20059,0.179941,0.176991,0.163717,0.202065,0.188791,0.182891,0.196165,0.20354,0.19469,0.19764,0.166667,0.205015,0.202065,0.20059,0.168142
第10回,2013-06-07,0.18704,0.164948,0.170839,0.198822,0.166421,0.189985,0.189985,0.195876,0.220913,0.189985,0.191458,0.173785,0.212077,0.191458,0.220913,0.169367,0.198822,0.192931,0.178203,0.175258,0.191458,0.200295,0.179676,0.178203,0.163476,0.201767,0.188513,0.184094,0.195876,0.204713,0.194404,0.197349,0.166421,0.204713,0.201767,0.200295,0.167894
第9回,2013-05-31,0.186765,0.164706,0.172059,0.2,0.166176,0.189706,0.189706,0.195588,0.220588,0.189706,0.191176,0.173529,0.211765,0.191176,0.222059,0.169118,0.198529,0.192647,0.177941,0.175,0.191176,0.2,0.180882,0.177941,0.163235,0.201471,0.189706,0.183824,0.195588,0.205882,0.194118,0.197059,0.166176,0.204412,0.201471,0.201471,0.167647
第8回,2013-05-24,0.18649,0.165932,0.171806,0.199706,0.165932,0.189427,0.189427,0.195301,0.220264,0.189427,0.190896,0.173275,0.211454,0.190896,0.221733,0.168869,0.198238,0.192364,0.17768,0.174743,0.192364,0.199706,0.180617,0.17768,0.162996,0.201175,0.189427,0.185022,0.196769,0.207048,0.193833,0.198238,0.165932,0.204112,0.201175,0.202643,0.167401
第7回,2013-05-17,0.187683,0.165689,0.173021,0.199413,0.167155,0.18915,0.190616,0.195015,0.219941,0.18915,0.190616,0.173021,0.211144,0.190616,0.221408,0.168622,0.197947,0.192082,0.177419,0.174487,0.192082,0.199413,0.180352,0.177419,0.162757,0.20088,0.190616,0.184751,0.197947,0.206745,0.193548,0.197947,0.167155,0.203812,0.20088,0.202346,0.167155
第6回,2013-05-10,0.187408,0.165447,0.172767,0.199122,0.168375,0.188873,0.190337,0.194729,0.219619,0.188873,0.190337,0.172767,0.210835,0.190337,0.222548,0.168375,0.197657,0.191801,0.178624,0.174231,0.191801,0.199122,0.181552,0.17716,0.162518,0.200586,0.190337,0.18448,0.197657,0.207906,0.193265,0.197657,0.166911,0.204978,0.20205,0.20205,0.166911
第5回,2013-05-03,0.188596,0.165205,0.173977,0.200292,0.169591,0.188596,0.190058,0.194444,0.219298,0.188596,0.190058,0.172515,0.210526,0.190058,0.222222,0.169591,0.197368,0.19152,0.178363,0.173977,0.192982,0.19883,0.181287,0.176901,0.162281,0.200292,0.190058,0.185673,0.197368,0.207602,0.192982,0.197368,0.166667,0.204678,0.201754,0.201754,0.166667
第4回,2013-04-26,0.188321,0.164964,0.173723,0.2,0.169343,0.188321,0.189781,0.194161,0.218978,0.188321,0.189781,0.173723,0.211679,0.189781,0.221898,0.169343,0.19708,0.191241,0.178102,0.173723,0.192701,0.2,0.182482,0.178102,0.162044,0.2,0.189781,0.186861,0.19854,0.207299,0.192701,0.19708,0.166423,0.20438,0.20146,0.20146,0.166423
第3回,2013-04-19,0.188047,0.166181,0.173469,0.199708,0.169096,0.188047,0.190962,0.195335,0.218659,0.188047,0.190962,0.173469,0.21137,0.190962,0.221574,0.169096,0.196793,0.190962,0.177843,0.173469,0.19242,0.199708,0.183673,0.177843,0.161808,0.199708,0.189504,0.186589,0.198251,0.206997,0.193878,0.196793,0.166181,0.204082,0.201166,0.201166,0.166181
第2回,2013-04-12,0.187773,0.165939,0.173217,0.199418,0.16885,0.187773,0.190684,0.195051,0.218341,0.187773,0.190684,0.173217,0.211063,0.190684,0.221252,0.16885,0.196507,0.190684,0.177584,0.174672,0.19214,0.199418,0.183406,0.179039,0.161572,0.199418,0.189229,0.186317,0.199418,0.206696,0.195051,0.196507,0.167394,0.20524,0.202329,0.200873,0.165939
第1回,2013-04-05,0.1875,0.165698,0.172965,0.199128,0.168605,0.1875,0.19186,0.194767,0.218023,0.188953,0.190407,0.174419,0.210756,0.190407,0.22093,0.168605,0.197674,0.190407,0.177326,0.174419,0.19186,0.199128,0.184593,0.178779,0.161337,0.199128,0.188953,0.1875,0.199128,0.206395,0.194767,0.196221,0.167151,0.206395,0.202035,0.200581,0.165698
